Fecha,Hora,ACO,AJM,AJU,ATI,BJU,CAM,CCA,MON,CHO,COY,CUA,CUT,FAC,FAR,GAM,HGM,INN,IZT,LLA,LPR,MER,MGH,MPA,NEZ,PED,SAC,SAG,SFE,SJA,SUR,TAH,TEC,TLA,TLI,TPN,UAX,UIZ,VIF,XAL,
01-03-2024,1,nr,15,nr,nr,18,18,nr,24,nr,nr,nr,nr,nr,nr,22,13,12,nr,nr,nr,28,nr,12,nr,27,18,24,nr,nr,nr,nr,nr,15,nr,nr,nr,24,nr,nr,
01-03-2024,2,nr,15,17,nr,23,19,21,25,nr,nr,nr,nr,nr,32,22,14,9,nr,nr,nr,30,nr,13,nr,22,22,22,nr,nr,nr,nr,nr,13,nr,nr,nr,25,nr,nr,
01-03-2024,3,nr,13,10,nr,23,20,24,27,nr,nr,nr,nr,nr,28,22,16,14,nr,nr,nr,32,nr,13,nr,24,30,25,nr,nr,nr,nr,nr,19,nr,nr,nr,22,nr,nr,
01-03-2024,4,nr,10,14,nr,18,13,18,31,nr,nr,nr,nr,nr,33,20,13,10,nr,nr,nr,28,nr,14,nr,18,28,26,nr,nr,nr,nr,nr,14,nr,nr,nr,26,nr,nr,
01-03-2024,5,nr,15,6,nr,22,18,18,27,nr,nr,nr,nr,nr,42,18,13,12,nr,nr,nr,35,nr,13,nr,17,30,29,nr,nr,nr,nr,nr,9,nr,nr,nr,25,nr,nr,
01-03-2024,6,nr,9,11,nr,23,24,23,30,nr,nr,nr,nr,nr,35,31,16,12,nr,nr,nr,32,nr,12,nr,15,30,33,nr,nr,nr,nr,nr,16,nr,nr,nr,26,nr,nr,
01-03-2024,7,nr,11,10,nr,32,37,24,39,nr,nr,nr,nr,nr,33,98,21,14,nr,nr,nr,22,nr,14,nr,17,30,47,nr,nr,nr,nr,nr,16,nr,nr,nr,27,nr,nr,
01-03-2024,8,nr,14,15,nr,33,48,22,32,nr,nr,nr,nr,nr,32,34,28,8,nr,nr,nr,42,nr,11,nr,18,47,63,nr,nr,nr,nr,nr,17,nr,nr,nr,36,nr,nr,
01-03-2024,9,nr,15,11,nr,30,47,27,45,nr,nr,nr,nr,nr,44,33,22,10,nr,nr,nr,41,nr,11,33,17,45,58,nr,nr,nr,nr,nr,18,nr,nr,nr,35,nr,nr,
01-03-2024,10,nr,9,13,nr,31,41,25,53,nr,nr,nr,nr,nr,38,18,24,8,nr,nr,nr,40,nr,16,45,19,54,50,nr,nr,nr,nr,nr,21,nr,nr,nr,39,nr,nr,
01-03-2024,11,nr,16,12,nr,29,30,31,35,nr,nr,nr,nr,nr,23,29,29,4,nr,nr,nr,40,nr,16,37,21,48,27,nr,nr,nr,nr,nr,32,nr,nr,nr,40,nr,nr,
01-03-2024,12,nr,24,19,nr,34,36,24,18,nr,nr,nr,nr,nr,27,29,24,5,nr,nr,nr,45,nr,9,31,26,40,29,nr,nr,nr,nr,nr,34,nr,nr,nr,31,nr,nr,
01-03-2024,13,nr,15,18,nr,31,31,26,8,nr,nr,nr,nr,nr,10,48,19,7,nr,nr,nr,40,nr,14,21,20,32,38,nr,nr,nr,nr,nr,24,nr,nr,nr,22,nr,nr,
01-03-2024,14,nr,15,24,nr,20,29,19,13,nr,nr,nr,nr,nr,16,17,19,9,nr,nr,nr,24,nr,15,17,16,22,24,nr,nr,nr,nr,nr,25,nr,nr,nr,15,nr,nr,
01-03-2024,15,nr,14,16,nr,21,19,16,13,nr,nr,nr,nr,nr,12,41,15,6,nr,nr,nr,16,nr,7,19,23,22,22,nr,nr,nr,nr,nr,nr,nr,nr,nr,16,nr,nr,
01-03-2024,16,nr,19,22,nr,17,20,17,14,nr,nr,nr,nr,nr,10,14,16,18,nr,nr,nr,22,nr,15,19,20,35,17,nr,nr,nr,nr,nr,nr,nr,nr,nr,16,nr,nr,
01-03-2024,17,nr,11,19,nr,17,24,18,22,nr,nr,nr,nr,nr,20,22,1,24,nr,nr,nr,17,nr,12,21,16,31,19,nr,nr,nr,nr,nr,nr,nr,nr,nr,18,nr,nr,
01-03-2024,18,nr,13,17,nr,21,19,18,22,nr,nr,nr,nr,nr,29,18,8,18,nr,nr,nr,18,nr,12,18,13,20,19,nr,nr,nr,nr,nr,nr,nr,nr,nr,14,nr,nr,
01-03-2024,19,nr,13,14,nr,14,13,19,17,nr,nr,nr,nr,nr,20,16,6,4,nr,nr,nr,12,nr,10,nr,nr,19,16,nr,nr,nr,nr,nr,16,nr,nr,nr,16,nr,nr,
01-03-2024,20,nr,11,20,nr,15,8,22,16,nr,nr,nr,nr,nr,21,12,12,9,nr,nr,nr,17,nr,22,nr,14,27,17,nr,nr,nr,nr,nr,13,nr,nr,nr,18,nr,nr,
01-03-2024,21,nr,10,12,nr,15,8,16,19,nr,nr,nr,nr,nr,21,13,15,13,nr,nr,nr,18,nr,30,nr,10,25,21,nr,nr,nr,nr,nr,12,nr,nr,nr,19,nr,nr,
01-03-2024,22,nr,15,16,nr,10,17,13,22,nr,nr,nr,nr,nr,19,12,9,nr,nr,nr,nr,16,nr,13,nr,16,28,21,nr,nr,nr,nr,nr,14,nr,nr,nr,11,nr,nr,
01-03-2024,23,nr,9,19,nr,14,7,18,24,nr,nr,nr,nr,nr,18,16,10,5,nr,nr,nr,17,nr,13,nr,9,27,21,nr,nr,nr,nr,nr,14,nr,nr,nr,18,nr,nr,
01-03-2024,24,nr,13,18,nr,13,17,16,22,nr,nr,nr,nr,nr,23,nr,9,10,nr,nr,nr,25,nr,12,nr,4,20,27,nr,nr,nr,nr,nr,16,nr,nr,nr,22,nr,nr,
02-03-2024,1,nr,13,nr,nr,13,19,nr,20,nr,nr,nr,nr,nr,nr,8,13,14,nr,nr,nr,12,nr,16,nr,8,23,33,nr,nr,nr,nr,nr,16,nr,nr,nr,22,nr,nr,
02-03-2024,2,nr,10,24,nr,18,17,14,17,nr,nr,nr,nr,nr,46,22,17,10,nr,nr,nr,11,nr,14,nr,22,17,29,nr,nr,nr,nr,nr,6,nr,nr,nr,25,nr,nr,
02-03-2024,3,nr,8,9,nr,23,22,18,23,nr,nr,nr,nr,nr,26,15,14,11,nr,nr,nr,18,nr,18,nr,26,28,18,nr,nr,nr,nr,nr,15,nr,nr,nr,22,nr,nr,
02-03-2024,4,nr,10,12,nr,18,19,16,25,nr,nr,nr,nr,nr,26,17,16,12,nr,nr,nr,27,nr,15,nr,14,19,19,nr,nr,nr,nr,nr,13,nr,nr,nr,25,nr,nr,
02-03-2024,5,nr,13,8,nr,24,14,nr,30,nr,nr,nr,nr,nr,21,29,18,10,nr,nr,nr,29,nr,16,nr,14,35,24,nr,nr,nr,nr,nr,11,nr,nr,nr,26,nr,nr,
02-03-2024,6,nr,11,13,nr,18,19,19,48,nr,nr,nr,nr,nr,41,21,15,10,nr,nr,nr,25,nr,16,nr,nr,33,22,nr,nr,nr,nr,nr,14,nr,nr,nr,24,nr,nr,
02-03-2024,7,nr,12,14,nr,20,14,20,36,nr,nr,nr,nr,nr,34,19,16,6,nr,nr,nr,18,nr,16,nr,15,30,30,nr,nr,nr,nr,nr,15,nr,nr,nr,17,nr,nr,
02-03-2024,8,nr,16,16,nr,19,19,15,42,nr,nr,nr,nr,nr,23,22,13,8,nr,nr,nr,25,nr,17,nr,15,31,35,nr,nr,nr,nr,nr,18,nr,nr,nr,20,nr,nr,
02-03-2024,9,nr,19,7,nr,21,25,18,53,nr,nr,nr,nr,nr,31,23,20,2,nr,nr,nr,34,nr,14,32,13,23,41,nr,nr,nr,nr,nr,15,nr,nr,nr,25,nr,nr,
02-03-2024,10,nr,18,nr,nr,21,32,15,38,nr,nr,nr,nr,nr,27,8,29,9,nr,nr,nr,34,nr,16,36,18,19,36,nr,nr,nr,nr,nr,23,nr,nr,nr,32,nr,nr,
02-03-2024,11,nr,16,23,nr,27,37,22,14,nr,nr,nr,nr,nr,31,46,26,12,nr,nr,nr,35,nr,21,39,28,38,32,nr,nr,nr,nr,nr,25,nr,nr,nr,30,nr,nr,
02-03-2024,12,nr,21,26,nr,21,28,25,11,nr,nr,nr,nr,nr,22,28,11,19,nr,nr,nr,35,nr,17,28,27,25,31,nr,nr,nr,nr,nr,27,nr,nr,nr,31,nr,nr,
02-03-2024,13,nr,27,97,nr,22,17,22,11,nr,nr,nr,nr,nr,14,18,22,17,nr,nr,nr,27,nr,14,21,18,30,23,nr,nr,nr,nr,nr,23,nr,nr,nr,29,nr,nr,
02-03-2024,14,nr,14,34,nr,35,23,21,13,nr,nr,nr,nr,nr,12,34,32,9,nr,nr,nr,27,nr,23,20,25,34,23,nr,nr,nr,nr,nr,25,nr,nr,nr,30,nr,nr,
02-03-2024,15,nr,21,21,nr,33,25,24,18,nr,nr,nr,nr,nr,16,15,21,19,nr,nr,nr,39,nr,19,29,26,31,29,nr,nr,nr,nr,nr,27,nr,nr,nr,31,nr,nr,
02-03-2024,16,nr,24,18,nr,26,34,17,16,nr,nr,nr,nr,nr,16,33,26,19,nr,nr,nr,28,nr,13,22,20,27,30,nr,nr,nr,nr,nr,37,nr,nr,nr,21,nr,nr,
02-03-2024,17,nr,18,18,nr,18,28,14,17,nr,nr,nr,nr,nr,23,26,31,26,nr,nr,nr,24,nr,20,16,15,37,32,nr,nr,nr,nr,nr,32,nr,nr,nr,20,nr,nr,
02-03-2024,18,nr,13,15,nr,20,26,18,21,nr,nr,nr,nr,nr,25,29,35,13,nr,nr,nr,21,nr,18,20,14,19,28,nr,nr,nr,nr,nr,28,nr,nr,nr,17,nr,nr,
02-03-2024,19,nr,11,19,nr,16,19,20,27,nr,nr,nr,nr,nr,25,10,20,18,nr,nr,nr,19,nr,13,nr,20,23,19,nr,nr,nr,nr,nr,14,nr,nr,nr,17,nr,nr,
02-03-2024,20,nr,12,20,nr,16,15,21,18,nr,nr,nr,nr,nr,23,19,15,26,nr,nr,nr,17,nr,18,nr,18,22,22,nr,nr,nr,nr,nr,18,nr,nr,nr,19,nr,nr,
02-03-2024,21,nr,10,16,nr,17,22,17,20,nr,nr,nr,nr,nr,21,17,20,15,nr,nr,nr,18,nr,14,nr,16,19,18,nr,nr,nr,nr,nr,11,nr,nr,nr,16,nr,nr,
02-03-2024,22,nr,15,25,nr,18,4,19,22,nr,nr,nr,nr,nr,22,15,18,19,nr,nr,nr,20,nr,14,nr,10,19,20,nr,nr,nr,nr,nr,11,nr,nr,nr,18,nr,nr,
02-03-2024,23,nr,10,18,nr,23,13,20,20,nr,nr,nr,nr,nr,22,11,18,13,nr,nr,nr,23,nr,8,nr,20,16,18,nr,nr,nr,nr,nr,14,nr,nr,nr,21,nr,nr,
02-03-2024,24,nr,15,17,nr,17,13,19,18,nr,nr,nr,nr,nr,19,17,15,14,nr,nr,nr,21,nr,12,nr,25,22,18,nr,nr,nr,nr,nr,15,nr,nr,nr,24,nr,nr,
03-03-2024,1,nr,14,nr,nr,16,16,nr,17,nr,nr,nr,nr,nr,nr,16,17,11,nr,nr,nr,21,nr,10,nr,21,15,23,nr,nr,nr,nr,nr,20,nr,nr,nr,24,nr,nr,
03-03-2024,2,nr,9,13,nr,17,17,14,22,nr,nr,nr,nr,nr,16,11,17,15,nr,nr,nr,28,nr,12,nr,17,15,19,nr,nr,nr,nr,nr,13,nr,nr,nr,22,nr,nr,
03-03-2024,3,nr,6,18,nr,21,13,18,23,nr,nr,nr,nr,nr,15,14,12,12,nr,nr,nr,23,nr,12,nr,17,29,16,nr,nr,nr,nr,nr,11,nr,nr,nr,18,nr,nr,
03-03-2024,4,nr,9,9,nr,18,12,20,23,nr,nr,nr,nr,nr,17,12,16,7,nr,nr,nr,20,nr,9,nr,14,15,16,nr,nr,nr,nr,nr,15,nr,nr,nr,23,nr,nr,
03-03-2024,5,nr,15,10,nr,19,15,19,26,nr,nr,nr,nr,nr,23,13,19,6,nr,nr,nr,19,nr,12,nr,24,18,18,nr,nr,nr,nr,nr,16,nr,nr,nr,22,nr,nr,
03-03-2024,6,nr,9,11,nr,17,12,20,25,nr,nr,nr,nr,nr,21,17,14,8,nr,nr,nr,21,nr,13,nr,14,22,25,nr,nr,nr,nr,nr,10,nr,nr,nr,20,nr,nr,
03-03-2024,7,nr,12,11,nr,18,19,19,25,nr,nr,nr,nr,nr,31,13,15,8,nr,nr,nr,17,nr,13,nr,8,23,25,nr,nr,nr,nr,nr,13,nr,nr,nr,19,nr,nr,
03-03-2024,8,nr,10,12,nr,19,20,17,24,nr,nr,nr,nr,nr,29,17,17,6,nr,nr,nr,19,nr,13,27,8,21,28,nr,nr,nr,nr,nr,10,nr,nr,nr,17,nr,nr,
03-03-2024,9,nr,8,13,nr,22,30,18,30,nr,nr,nr,nr,nr,21,23,10,7,nr,nr,nr,23,nr,12,23,13,23,26,nr,nr,nr,nr,nr,11,nr,nr,nr,20,nr,nr,
03-03-2024,10,nr,16,13,nr,20,25,15,29,nr,nr,nr,nr,nr,20,25,18,5,nr,nr,nr,25,nr,15,25,17,29,27,nr,nr,nr,nr,nr,13,nr,nr,nr,26,nr,nr,
03-03-2024,11,nr,21,12,nr,17,30,18,18,nr,nr,nr,nr,nr,22,24,16,8,nr,nr,nr,24,nr,13,25,18,36,26,nr,nr,nr,nr,nr,20,nr,nr,nr,33,nr,nr,
03-03-2024,12,nr,19,13,nr,26,23,18,16,nr,nr,nr,nr,nr,22,28,24,9,nr,nr,nr,37,nr,9,19,19,25,34,nr,nr,nr,nr,nr,23,nr,nr,nr,28,nr,nr,
03-03-2024,13,nr,11,26,nr,23,28,21,13,nr,nr,nr,nr,nr,11,27,23,7,nr,nr,nr,29,nr,17,17,18,21,22,nr,nr,nr,nr,nr,21,nr,nr,nr,24,nr,nr,
03-03-2024,14,nr,24,24,nr,25,29,20,9,nr,nr,nr,nr,nr,9,15,20,2,nr,nr,nr,26,nr,18,16,20,20,20,nr,nr,nr,nr,nr,23,nr,nr,nr,20,nr,nr,
03-03-2024,15,nr,20,24,nr,16,9,11,5,nr,nr,nr,nr,nr,11,17,21,22,nr,nr,nr,14,nr,13,16,22,22,20,nr,nr,nr,nr,nr,28,nr,nr,nr,14,nr,nr,
03-03-2024,16,nr,11,24,nr,14,20,12,20,nr,nr,nr,nr,nr,nr,28,14,12,nr,nr,nr,18,nr,13,18,12,40,15,nr,nr,nr,nr,nr,33,nr,nr,nr,13,nr,nr,
03-03-2024,17,nr,13,25,nr,16,20,15,25,nr,nr,nr,nr,nr,17,22,32,15,nr,nr,nr,16,nr,13,20,20,27,20,nr,nr,nr,nr,nr,26,nr,nr,nr,18,nr,nr,
03-03-2024,18,nr,16,26,nr,18,18,19,26,nr,nr,nr,nr,nr,21,21,34,19,nr,nr,nr,21,nr,11,16,17,24,21,nr,nr,nr,nr,nr,20,nr,nr,nr,15,nr,nr,
03-03-2024,19,nr,18,16,nr,18,19,22,23,nr,nr,nr,nr,nr,25,21,24,11,nr,nr,nr,18,nr,18,nr,16,21,19,nr,nr,nr,nr,nr,17,nr,nr,nr,17,nr,nr,
03-03-2024,20,nr,nr,20,nr,19,13,25,27,nr,nr,nr,nr,nr,29,13,22,9,nr,nr,nr,20,nr,17,nr,22,25,18,nr,nr,nr,nr,nr,14,nr,nr,nr,19,nr,nr,
03-03-2024,21,nr,14,22,nr,20,nr,25,21,nr,nr,nr,nr,nr,27,14,8,11,nr,nr,nr,20,nr,13,nr,15,26,20,nr,nr,nr,nr,nr,7,nr,nr,nr,16,nr,nr,
03-03-2024,22,nr,13,20,nr,20,11,19,21,nr,nr,nr,nr,nr,24,15,14,16,nr,nr,nr,21,nr,16,nr,26,22,17,nr,nr,nr,nr,nr,6,nr,nr,nr,19,nr,nr,
03-03-2024,23,nr,9,25,nr,15,13,18,19,nr,nr,nr,nr,nr,25,17,16,14,nr,nr,nr,26,nr,15,nr,24,24,18,nr,nr,nr,nr,nr,12,nr,nr,nr,17,nr,nr,
03-03-2024,24,nr,12,23,nr,19,19,22,16,nr,nr,nr,nr,nr,19,17,18,15,nr,nr,nr,28,nr,13,nr,23,25,16,nr,nr,nr,nr,nr,17,nr,nr,nr,18,nr,nr,
04-03-2024,1,nr,14,nr,nr,19,23,nr,13,nr,nr,nr,nr,nr,nr,12,14,14,nr,nr,nr,21,nr,13,nr,25,17,14,nr,nr,nr,nr,nr,13,nr,nr,nr,17,nr,nr,
04-03-2024,2,nr,17,20,nr,17,19,15,12,nr,nr,nr,nr,nr,18,13,17,14,nr,nr,nr,28,nr,11,nr,16,16,16,nr,nr,nr,nr,nr,16,nr,nr,nr,14,nr,nr,
04-03-2024,3,nr,10,15,nr,20,19,23,12,nr,nr,nr,nr,nr,23,12,16,15,nr,nr,nr,18,nr,9,nr,7,12,17,nr,nr,nr,nr,nr,14,nr,nr,nr,20,nr,nr,
04-03-2024,4,nr,12,9,nr,17,72,16,16,nr,nr,nr,nr,nr,15,11,15,11,nr,nr,nr,22,nr,12,nr,9,15,13,nr,nr,nr,nr,nr,15,nr,nr,nr,23,nr,nr,
04-03-2024,5,nr,11,6,nr,17,26,18,17,nr,nr,nr,nr,nr,18,7,15,9,nr,nr,nr,20,nr,13,nr,17,15,21,nr,nr,nr,nr,nr,12,nr,nr,nr,16,nr,nr,
04-03-2024,6,nr,10,11,nr,16,22,19,27,nr,nr,nr,nr,nr,15,11,10,9,nr,nr,nr,11,nr,13,nr,15,16,22,nr,nr,nr,nr,nr,17,nr,nr,nr,13,nr,nr,
04-03-2024,7,nr,15,10,nr,18,19,21,25,nr,nr,nr,nr,nr,26,16,14,10,nr,nr,nr,16,nr,16,nr,14,23,27,nr,nr,nr,nr,nr,11,nr,nr,nr,15,nr,nr,
04-03-2024,8,nr,14,13,nr,18,23,20,35,nr,nr,nr,nr,nr,25,16,21,7,nr,nr,nr,22,nr,15,nr,15,21,29,nr,nr,nr,nr,nr,22,nr,nr,nr,23,nr,nr,
04-03-2024,9,nr,13,8,nr,23,27,20,38,nr,nr,nr,nr,nr,28,21,16,12,nr,nr,nr,28,nr,13,37,15,24,31,nr,nr,nr,nr,nr,38,nr,nr,nr,26,nr,nr,
04-03-2024,10,nr,15,15,nr,23,31,24,33,nr,nr,nr,nr,nr,24,28,20,14,nr,nr,nr,25,nr,15,25,12,25,28,nr,nr,nr,nr,nr,23,nr,nr,nr,18,nr,nr,
04-03-2024,11,nr,20,15,nr,25,33,21,21,nr,nr,nr,nr,nr,25,34,26,6,nr,nr,nr,34,nr,16,29,23,29,22,nr,nr,nr,nr,nr,24,nr,nr,nr,21,nr,nr,
04-03-2024,12,nr,18,12,nr,25,39,23,18,nr,nr,nr,nr,nr,22,36,21,6,nr,nr,nr,36,nr,18,nr,21,29,20,nr,nr,nr,nr,nr,23,nr,nr,nr,19,nr,nr,
04-03-2024,13,nr,28,17,nr,29,22,21,12,nr,nr,nr,nr,nr,19,15,12,12,nr,nr,nr,29,nr,14,nr,28,18,24,nr,nr,nr,nr,nr,26,nr,nr,nr,23,nr,nr,
04-03-2024,14,nr,22,22,nr,17,26,18,19,nr,nr,nr,nr,nr,12,41,12,11,nr,nr,nr,10,nr,8,nr,26,32,22,nr,nr,nr,nr,nr,28,nr,nr,nr,17,nr,nr,
04-03-2024,15,nr,19,20,nr,22,17,17,23,nr,nr,nr,nr,nr,16,24,9,2,nr,nr,nr,15,nr,8,nr,18,26,16,nr,nr,nr,nr,nr,26,nr,nr,nr,15,nr,nr,
04-03-2024,16,nr,5,14,nr,13,13,15,18,nr,nr,nr,nr,nr,24,22,3,15,nr,nr,nr,nr,nr,11,23,11,21,20,nr,nr,nr,nr,nr,12,nr,nr,nr,14,nr,nr,
04-03-2024,17,nr,10,18,nr,11,7,19,19,nr,nr,nr,nr,nr,21,19,16,13,nr,nr,nr,10,nr,7,23,17,27,20,nr,nr,nr,nr,nr,nr,nr,nr,nr,21,nr,nr,
04-03-2024,18,nr,16,20,nr,18,15,17,26,nr,nr,nr,nr,nr,28,18,7,18,nr,nr,nr,17,nr,15,23,16,31,22,nr,nr,nr,nr,nr,nr,nr,nr,nr,16,nr,nr,
04-03-2024,19,nr,10,19,nr,18,nr,21,29,nr,nr,nr,nr,nr,44,19,8,22,nr,nr,nr,15,nr,17,27,nr,32,24,nr,nr,nr,nr,nr,nr,nr,nr,nr,17,nr,nr,
04-03-2024,20,nr,10,16,nr,9,23,20,30,nr,nr,nr,nr,nr,33,12,11,23,nr,nr,nr,11,nr,14,13,15,20,22,nr,nr,nr,nr,nr,nr,nr,nr,nr,16,nr,nr,
04-03-2024,21,nr,13,17,nr,12,15,24,27,nr,nr,nr,nr,nr,21,4,5,8,nr,nr,nr,12,nr,14,17,8,25,18,nr,nr,nr,nr,nr,26,nr,nr,nr,13,nr,nr,
04-03-2024,22,nr,12,21,nr,13,7,17,22,nr,nr,nr,nr,nr,25,14,7,16,nr,nr,nr,10,nr,12,18,21,30,23,nr,nr,nr,nr,nr,34,nr,nr,nr,16,nr,nr,
04-03-2024,23,nr,17,14,nr,15,12,15,19,nr,nr,nr,nr,nr,20,17,12,10,nr,nr,nr,22,nr,11,19,21,25,24,nr,nr,nr,nr,nr,18,nr,nr,nr,20,nr,nr,
04-03-2024,24,nr,12,10,nr,19,14,21,18,nr,nr,nr,nr,nr,23,16,19,16,nr,nr,nr,23,nr,8,22,18,18,18,nr,nr,nr,nr,nr,13,nr,nr,nr,16,nr,nr,
05-03-2024,1,nr,10,nr,nr,23,15,nr,14,nr,nr,nr,nr,nr,nr,17,19,8,nr,nr,nr,15,nr,4,16,13,38,13,nr,nr,nr,nr,nr,9,nr,nr,nr,15,nr,nr,
05-03-2024,2,nr,8,9,nr,16,22,19,16,nr,nr,nr,nr,nr,17,15,14,6,nr,nr,nr,21,nr,6,14,4,31,19,nr,nr,nr,nr,nr,15,nr,nr,nr,18,nr,nr,
05-03-2024,3,nr,1,19,nr,10,27,7,19,nr,nr,nr,nr,nr,18,14,17,2,nr,nr,nr,26,nr,9,22,5,15,19,nr,nr,nr,nr,nr,14,nr,nr,nr,22,nr,nr,
05-03-2024,4,nr,5,7,nr,8,16,9,15,nr,nr,nr,nr,nr,18,17,13,8,nr,nr,nr,26,nr,10,22,nr,19,16,nr,nr,nr,nr,nr,17,nr,nr,nr,16,nr,nr,
05-03-2024,5,nr,14,3,nr,5,20,7,17,nr,nr,nr,nr,nr,31,16,13,11,nr,nr,nr,18,nr,21,21,nr,24,21,nr,nr,nr,nr,nr,15,nr,nr,nr,11,nr,nr,
05-03-2024,6,nr,13,4,nr,11,19,10,21,nr,nr,nr,nr,nr,29,17,9,3,nr,nr,nr,17,nr,17,20,nr,25,23,nr,nr,nr,nr,nr,17,nr,nr,nr,18,nr,nr,
05-03-2024,7,nr,14,7,nr,18,24,7,27,nr,nr,nr,nr,nr,25,17,17,8,nr,nr,nr,20,nr,12,27,6,33,19,nr,nr,nr,nr,nr,28,nr,nr,nr,25,nr,nr,
05-03-2024,8,nr,10,9,nr,20,30,15,37,nr,nr,nr,nr,nr,29,21,14,6,nr,nr,nr,28,nr,10,34,5,36,26,nr,nr,nr,nr,nr,16,nr,nr,nr,24,nr,nr,
05-03-2024,9,nr,7,5,nr,21,46,16,45,nr,nr,nr,nr,nr,22,26,15,5,nr,nr,nr,22,nr,8,40,13,37,30,nr,nr,nr,nr,nr,20,nr,nr,nr,21,nr,nr,
05-03-2024,10,nr,12,5,nr,nr,41,19,35,nr,nr,nr,nr,nr,24,27,19,7,nr,nr,nr,24,nr,7,37,16,34,30,nr,nr,nr,nr,nr,28,nr,nr,nr,28,nr,nr,
05-03-2024,11,nr,16,10,nr,nr,55,28,24,nr,nr,nr,nr,nr,30,35,24,nr,nr,nr,nr,33,nr,23,40,nr,24,46,nr,nr,nr,nr,nr,37,nr,nr,nr,31,nr,nr,
05-03-2024,12,nr,21,18,nr,nr,48,34,31,nr,nr,nr,nr,nr,36,53,47,0,nr,nr,nr,53,nr,31,47,nr,61,40,nr,nr,nr,nr,nr,29,nr,nr,nr,43,nr,nr,
05-03-2024,13,nr,41,27,nr,1,47,49,nr,nr,nr,nr,nr,nr,15,42,52,3,nr,nr,nr,49,nr,25,38,nr,48,25,nr,nr,nr,nr,nr,29,nr,nr,nr,44,nr,nr,
05-03-2024,14,nr,49,37,nr,50,45,40,8,nr,nr,nr,nr,nr,17,23,44,11,nr,nr,nr,36,nr,12,26,nr,66,20,nr,nr,nr,nr,nr,30,nr,nr,nr,34,nr,nr,
05-03-2024,15,nr,34,28,nr,50,39,40,17,nr,nr,nr,nr,nr,22,34,59,nr,nr,nr,nr,44,nr,8,29,46,32,27,nr,nr,nr,nr,nr,nr,nr,nr,nr,36,nr,nr,
05-03-2024,16,nr,25,20,nr,nr,31,26,21,nr,nr,nr,nr,nr,26,43,55,nr,nr,nr,nr,40,nr,10,32,11,39,30,nr,nr,nr,nr,nr,nr,nr,nr,nr,36,nr,nr,
05-03-2024,17,nr,8,21,nr,nr,27,nr,23,nr,nr,nr,nr,nr,33,35,46,23,nr,nr,nr,39,nr,17,33,8,30,27,nr,nr,nr,nr,nr,nr,nr,nr,nr,34,nr,nr,
05-03-2024,18,nr,16,20,nr,nr,21,nr,40,nr,nr,nr,nr,nr,24,23,13,nr,nr,nr,nr,31,nr,16,27,8,29,19,nr,nr,nr,nr,nr,0,nr,nr,nr,29,nr,nr,
05-03-2024,19,nr,12,19,nr,nr,13,3,21,nr,nr,nr,nr,nr,23,20,2,18,nr,nr,nr,25,nr,14,nr,10,14,15,nr,nr,nr,nr,nr,11,nr,nr,nr,20,nr,nr,
05-03-2024,20,nr,14,15,nr,nr,10,8,17,nr,nr,nr,nr,nr,31,16,17,nr,nr,nr,nr,19,nr,14,nr,12,nr,20,nr,nr,nr,nr,nr,10,nr,nr,nr,15,nr,nr,
05-03-2024,21,nr,9,18,nr,nr,32,19,19,nr,nr,nr,nr,nr,23,17,15,13,nr,nr,nr,16,nr,12,nr,14,0,21,nr,nr,nr,nr,nr,17,nr,nr,nr,18,nr,nr,
05-03-2024,22,nr,12,20,nr,nr,21,17,24,nr,nr,nr,nr,nr,27,17,16,11,nr,nr,nr,18,nr,13,nr,11,24,20,nr,nr,nr,nr,nr,11,nr,nr,nr,15,nr,nr,
05-03-2024,23,nr,15,21,nr,nr,25,15,28,nr,nr,nr,nr,nr,24,19,17,10,nr,nr,nr,24,nr,14,nr,12,27,21,nr,nr,nr,nr,nr,11,nr,nr,nr,20,nr,nr,
05-03-2024,24,nr,14,19,nr,nr,20,24,38,nr,nr,nr,nr,nr,19,16,19,11,nr,nr,nr,15,nr,13,nr,15,23,20,nr,nr,nr,nr,nr,11,nr,nr,nr,21,nr,nr,
06-03-2024,1,nr,15,nr,nr,nr,24,nr,26,nr,nr,nr,nr,nr,nr,22,19,11,nr,nr,nr,30,nr,13,nr,17,23,26,nr,nr,nr,nr,nr,8,nr,nr,nr,28,nr,nr,
06-03-2024,2,nr,12,14,nr,nr,20,20,12,nr,nr,nr,nr,nr,30,21,20,6,nr,nr,nr,29,nr,12,nr,21,24,30,nr,nr,nr,nr,nr,14,nr,nr,nr,30,nr,nr,
06-03-2024,3,nr,8,16,nr,nr,18,16,22,nr,nr,nr,nr,nr,40,20,20,13,nr,nr,nr,27,nr,11,nr,2,32,26,nr,nr,nr,nr,nr,15,nr,nr,nr,22,nr,nr,
06-03-2024,4,nr,12,8,nr,nr,20,19,14,nr,nr,nr,nr,nr,37,24,20,10,nr,nr,nr,27,nr,13,nr,15,29,28,nr,nr,nr,nr,nr,20,nr,nr,nr,23,nr,nr,
06-03-2024,5,nr,14,14,nr,nr,23,19,15,nr,nr,nr,nr,nr,37,25,21,12,nr,nr,nr,25,nr,10,nr,13,28,30,nr,nr,nr,nr,nr,27,nr,nr,nr,28,nr,nr,
06-03-2024,6,nr,13,10,nr,nr,18,21,26,nr,nr,nr,nr,nr,43,27,18,6,nr,nr,nr,39,nr,12,nr,5,39,35,nr,nr,nr,nr,nr,7,nr,nr,nr,31,nr,nr,
06-03-2024,7,nr,10,14,nr,nr,21,13,35,nr,nr,nr,nr,nr,44,24,21,10,nr,nr,nr,34,nr,14,nr,11,32,32,nr,nr,nr,nr,nr,9,nr,nr,nr,33,nr,nr,
06-03-2024,8,nr,14,13,nr,nr,26,14,45,nr,nr,nr,nr,nr,30,26,18,13,nr,nr,nr,19,nr,13,33,13,38,35,nr,nr,nr,nr,nr,14,nr,nr,nr,17,nr,nr,
06-03-2024,9,nr,13,14,nr,27,25,22,46,nr,nr,nr,nr,nr,25,29,22,8,nr,nr,nr,32,nr,10,46,15,50,35,nr,nr,nr,nr,nr,14,nr,nr,nr,28,nr,nr,
06-03-2024,10,nr,15,15,nr,27,22,28,49,nr,nr,nr,nr,nr,20,42,30,13,nr,nr,nr,43,nr,14,47,25,66,32,nr,nr,nr,nr,nr,25,nr,nr,nr,35,nr,nr,
06-03-2024,11,nr,20,14,nr,37,31,33,45,nr,nr,nr,nr,nr,25,41,34,13,nr,nr,nr,48,nr,19,60,22,66,34,nr,nr,nr,nr,nr,32,nr,nr,nr,43,nr,nr,
06-03-2024,12,nr,28,24,nr,50,45,34,35,nr,nr,nr,nr,nr,36,39,28,12,nr,nr,nr,46,nr,28,51,28,100,36,nr,nr,nr,nr,nr,32,nr,nr,nr,35,nr,nr,
06-03-2024,13,nr,26,36,nr,51,35,33,20,nr,nr,nr,nr,nr,21,41,27,16,nr,nr,nr,38,nr,35,40,29,58,19,nr,nr,nr,nr,nr,34,nr,nr,nr,34,nr,nr,
06-03-2024,14,nr,27,34,nr,39,46,22,16,nr,nr,nr,nr,nr,19,23,26,12,nr,nr,nr,43,nr,24,34,31,34,25,nr,nr,nr,nr,nr,24,nr,nr,nr,30,nr,nr,
06-03-2024,15,nr,33,23,nr,31,38,26,14,nr,nr,nr,nr,nr,15,45,18,nr,nr,nr,nr,39,nr,13,17,25,22,32,nr,nr,nr,nr,nr,34,nr,nr,nr,21,nr,nr,
06-03-2024,16,nr,18,30,nr,21,29,14,15,nr,nr,nr,nr,nr,15,26,7,6,nr,nr,nr,14,nr,8,18,24,23,24,nr,nr,nr,nr,nr,34,nr,nr,nr,19,nr,nr,
06-03-2024,17,nr,0,21,nr,19,23,16,18,nr,nr,nr,nr,nr,15,28,23,20,nr,nr,nr,17,nr,20,17,16,23,22,nr,nr,nr,nr,nr,35,nr,nr,nr,18,nr,nr,
06-03-2024,18,nr,18,23,nr,21,27,24,23,nr,nr,nr,nr,nr,23,21,24,18,nr,nr,nr,22,nr,18,19,17,24,21,nr,nr,nr,nr,nr,25,nr,nr,nr,19,nr,nr,
06-03-2024,19,nr,16,21,nr,19,17,23,34,nr,nr,nr,nr,nr,23,27,15,13,nr,nr,nr,15,nr,16,nr,18,24,21,nr,nr,nr,nr,nr,21,nr,nr,nr,17,nr,nr,
06-03-2024,20,nr,19,15,nr,18,22,24,20,nr,nr,nr,nr,nr,26,17,14,19,nr,nr,nr,18,nr,21,nr,18,28,25,nr,nr,nr,nr,nr,17,nr,nr,nr,17,nr,nr,
06-03-2024,21,nr,14,29,nr,20,5,24,18,nr,nr,nr,nr,nr,27,14,17,17,nr,nr,nr,18,nr,14,nr,12,24,19,nr,nr,nr,nr,nr,18,nr,nr,nr,14,nr,nr,
06-03-2024,22,nr,14,19,nr,24,15,20,18,nr,nr,nr,nr,nr,20,13,18,9,nr,nr,nr,20,nr,11,nr,17,22,17,nr,nr,nr,nr,nr,18,nr,nr,nr,15,nr,nr,
06-03-2024,23,nr,15,17,nr,18,23,23,19,nr,nr,nr,nr,nr,21,14,12,7,nr,nr,nr,20,nr,15,nr,11,45,18,nr,nr,nr,nr,nr,16,nr,nr,nr,22,nr,nr,
06-03-2024,24,nr,13,18,nr,17,19,22,21,nr,nr,nr,nr,nr,20,16,13,12,nr,nr,nr,20,nr,11,nr,17,47,27,nr,nr,nr,nr,nr,17,nr,nr,nr,19,nr,nr,
07-03-2024,1,nr,11,nr,nr,18,27,nr,21,nr,nr,nr,nr,nr,nr,16,16,12,nr,nr,nr,21,nr,14,nr,14,28,17,nr,nr,nr,nr,nr,20,nr,nr,nr,23,nr,nr,
07-03-2024,2,nr,13,14,nr,13,30,25,19,nr,nr,nr,nr,nr,16,16,15,11,nr,nr,nr,21,nr,13,nr,18,21,15,nr,nr,nr,nr,nr,15,nr,nr,nr,18,nr,nr,
07-03-2024,3,nr,13,10,nr,16,27,22,16,nr,nr,nr,nr,nr,18,10,13,14,nr,nr,nr,24,nr,14,nr,17,16,19,nr,nr,nr,nr,nr,14,nr,nr,nr,19,nr,nr,
07-03-2024,4,nr,12,10,nr,18,26,21,18,nr,nr,nr,nr,nr,13,12,17,10,nr,nr,nr,14,nr,17,nr,10,13,18,nr,nr,nr,nr,nr,14,nr,nr,nr,17,nr,nr,
07-03-2024,5,nr,15,8,nr,20,28,24,26,nr,nr,nr,nr,nr,18,15,11,14,nr,nr,nr,23,nr,18,nr,22,20,14,nr,nr,nr,nr,nr,14,nr,nr,nr,12,nr,nr,
07-03-2024,6,nr,11,5,nr,18,24,25,27,nr,nr,nr,nr,nr,15,16,12,9,nr,nr,nr,24,nr,12,nr,13,20,12,nr,nr,nr,nr,nr,17,nr,nr,nr,16,nr,nr,
07-03-2024,7,nr,7,8,nr,20,40,23,33,nr,nr,nr,nr,nr,16,17,17,14,nr,nr,nr,28,nr,9,nr,15,17,27,nr,nr,nr,nr,nr,19,nr,nr,nr,25,nr,nr,
07-03-2024,8,nr,12,8,nr,22,51,22,57,nr,nr,nr,nr,nr,28,16,15,12,nr,nr,nr,28,nr,8,15,18,26,30,nr,nr,nr,nr,nr,15,nr,nr,nr,25,nr,nr,
07-03-2024,9,nr,13,9,nr,25,41,28,79,nr,nr,nr,nr,nr,29,30,18,8,nr,nr,nr,23,nr,12,30,22,45,48,nr,nr,nr,nr,nr,18,nr,nr,nr,24,nr,nr,
07-03-2024,10,nr,17,3,nr,23,32,18,27,nr,nr,nr,nr,nr,37,25,18,4,nr,nr,nr,24,nr,11,21,25,39,43,nr,nr,nr,nr,nr,24,nr,nr,nr,27,nr,nr,
07-03-2024,11,nr,16,17,nr,23,26,24,63,nr,nr,nr,nr,nr,22,25,20,3,nr,nr,nr,27,nr,7,16,26,49,19,nr,nr,nr,nr,nr,28,nr,nr,nr,22,nr,nr,
07-03-2024,12,nr,26,19,nr,8,24,19,22,nr,nr,nr,nr,nr,10,9,9,4,nr,nr,nr,19,nr,10,14,12,31,8,nr,nr,nr,nr,nr,16,nr,nr,nr,14,nr,nr,
07-03-2024,13,nr,11,11,nr,15,11,13,31,nr,nr,nr,nr,nr,7,19,nr,4,nr,nr,nr,15,nr,17,20,9,27,11,nr,nr,nr,nr,nr,16,nr,nr,nr,11,nr,nr,
07-03-2024,14,nr,14,20,nr,10,22,11,56,nr,nr,nr,nr,nr,17,26,11,15,nr,nr,nr,10,nr,10,25,10,23,11,nr,nr,nr,nr,nr,10,nr,nr,nr,9,nr,nr,
07-03-2024,15,nr,13,17,nr,14,22,10,49,nr,nr,nr,nr,nr,33,6,7,19,nr,nr,nr,15,nr,5,nr,16,nr,18,nr,nr,nr,nr,nr,15,nr,nr,nr,17,nr,nr,
07-03-2024,16,nr,10,18,nr,12,12,14,22,nr,nr,nr,nr,nr,56,13,14,12,nr,nr,nr,10,nr,16,nr,nr,nr,21,nr,nr,nr,nr,nr,4,nr,nr,nr,15,nr,nr,
07-03-2024,17,nr,11,16,nr,12,9,20,17,nr,nr,nr,nr,nr,58,15,12,16,nr,nr,nr,14,nr,11,nr,16,31,19,nr,nr,nr,nr,nr,11,nr,nr,nr,13,nr,nr,
07-03-2024,18,nr,7,19,nr,15,14,13,16,nr,nr,nr,nr,nr,36,8,24,11,nr,nr,nr,13,nr,14,nr,7,22,13,nr,nr,nr,nr,nr,14,nr,nr,nr,11,nr,nr,
07-03-2024,19,nr,13,15,nr,12,11,15,24,nr,nr,nr,nr,nr,23,12,19,15,nr,nr,nr,13,nr,11,nr,9,23,13,nr,nr,nr,nr,nr,15,nr,nr,nr,13,nr,nr,
07-03-2024,20,nr,10,17,nr,9,13,14,29,nr,nr,nr,nr,nr,25,8,12,nr,nr,nr,nr,16,nr,14,nr,10,22,18,nr,nr,nr,nr,nr,11,nr,nr,nr,15,nr,nr,
07-03-2024,21,nr,7,8,nr,10,18,17,21,nr,nr,nr,nr,nr,19,5,10,10,nr,nr,nr,84,nr,7,nr,6,19,17,nr,nr,nr,nr,nr,10,nr,nr,nr,12,nr,nr,
07-03-2024,22,nr,6,13,nr,10,8,13,13,nr,nr,nr,nr,nr,17,5,8,6,nr,nr,nr,9,nr,6,nr,6,15,15,nr,nr,nr,nr,nr,10,nr,nr,nr,13,nr,nr,
07-03-2024,23,nr,2,2,nr,9,12,10,8,nr,nr,nr,nr,nr,19,8,10,nr,nr,nr,nr,12,nr,9,nr,nr,15,16,nr,nr,nr,nr,nr,8,nr,nr,nr,8,nr,nr,
07-03-2024,24,nr,3,3,nr,11,10,14,6,nr,nr,nr,nr,nr,19,10,10,5,nr,nr,nr,11,nr,11,nr,12,10,13,nr,nr,nr,nr,nr,5,nr,nr,nr,5,nr,nr,
08-03-2024,1,nr,3,nr,nr,14,21,nr,14,nr,nr,nr,nr,nr,nr,4,12,3,nr,nr,nr,8,nr,5,nr,10,8,15,nr,nr,nr,nr,nr,13,nr,nr,nr,9,nr,nr,
08-03-2024,2,nr,3,nr,nr,13,40,13,9,nr,nr,nr,nr,nr,10,5,13,nr,nr,nr,nr,16,nr,4,nr,7,8,13,nr,nr,nr,nr,nr,14,nr,nr,nr,6,nr,nr,
08-03-2024,3,nr,5,nr,nr,12,39,8,9,nr,nr,nr,nr,nr,11,nr,18,0,nr,nr,nr,14,nr,2,nr,10,27,10,nr,nr,nr,nr,nr,10,nr,nr,nr,10,nr,nr,
08-03-2024,4,nr,9,nr,nr,7,36,9,7,nr,nr,nr,nr,nr,10,21,8,nr,nr,nr,nr,17,nr,3,nr,nr,3,9,nr,nr,nr,nr,nr,11,nr,nr,nr,9,nr,nr,
08-03-2024,5,nr,9,nr,nr,8,23,6,8,nr,nr,nr,nr,nr,12,20,8,6,nr,nr,nr,25,nr,nr,nr,nr,13,9,nr,nr,nr,nr,nr,17,nr,nr,nr,12,nr,nr,
08-03-2024,6,nr,13,nr,nr,8,23,7,nr,nr,nr,nr,nr,nr,11,18,11,1,nr,nr,nr,21,nr,3,nr,11,19,9,nr,nr,nr,nr,nr,8,nr,nr,nr,11,nr,nr,
08-03-2024,7,nr,8,nr,nr,10,28,12,nr,nr,nr,nr,nr,nr,12,15,2,nr,nr,nr,nr,20,nr,1,nr,9,19,18,nr,nr,nr,nr,nr,9,nr,nr,nr,12,nr,nr,
08-03-2024,8,nr,6,nr,nr,13,26,13,32,nr,nr,nr,nr,nr,27,18,7,nr,nr,nr,nr,32,nr,2,31,8,31,31,nr,nr,nr,nr,nr,11,nr,nr,nr,14,nr,nr,
08-03-2024,9,nr,5,nr,nr,21,40,10,44,nr,nr,nr,nr,nr,34,31,22,nr,nr,nr,nr,24,nr,2,37,7,28,46,nr,nr,nr,nr,nr,13,nr,nr,nr,12,nr,nr,
08-03-2024,10,nr,5,nr,nr,24,37,14,48,nr,nr,nr,nr,nr,21,42,20,nr,nr,nr,nr,38,nr,6,34,9,21,26,nr,nr,nr,nr,nr,18,nr,nr,nr,17,nr,nr,
08-03-2024,11,nr,12,nr,nr,21,41,17,17,nr,nr,nr,nr,nr,15,24,20,nr,nr,nr,nr,34,nr,6,27,19,31,24,nr,nr,nr,nr,nr,28,nr,nr,nr,15,nr,nr,
08-03-2024,12,nr,7,nr,nr,20,31,17,9,nr,nr,nr,nr,nr,16,37,25,nr,nr,nr,nr,28,nr,nr,24,15,36,23,nr,nr,nr,nr,nr,28,nr,nr,nr,18,nr,nr,
08-03-2024,13,nr,5,nr,nr,7,20,9,4,nr,nr,nr,nr,nr,14,2,22,nr,nr,nr,nr,17,nr,3,16,17,29,23,nr,nr,nr,nr,nr,16,nr,nr,nr,12,nr,nr,
08-03-2024,14,nr,7,nr,nr,nr,18,3,8,nr,nr,nr,nr,nr,4,26,4,3,nr,nr,nr,12,nr,11,9,1,14,11,nr,nr,nr,nr,nr,11,nr,nr,nr,11,nr,nr,
08-03-2024,15,nr,5,nr,nr,nr,18,7,15,nr,nr,nr,nr,nr,3,14,6,8,nr,nr,nr,17,nr,3,10,8,19,12,nr,nr,nr,nr,nr,13,nr,nr,nr,12,nr,nr,
08-03-2024,16,nr,6,nr,nr,nr,6,10,11,nr,nr,nr,nr,nr,5,16,12,29,nr,nr,nr,13,nr,3,nr,12,25,10,nr,nr,nr,nr,nr,9,nr,nr,nr,13,nr,nr,
08-03-2024,17,nr,3,nr,nr,nr,17,6,19,nr,nr,nr,nr,nr,11,15,12,24,nr,nr,nr,13,nr,2,nr,10,27,12,nr,nr,nr,nr,nr,15,nr,nr,nr,13,nr,nr,
08-03-2024,18,nr,6,nr,nr,5,17,9,28,nr,nr,nr,nr,nr,21,20,9,14,nr,nr,nr,14,nr,11,nr,6,17,21,nr,nr,nr,nr,nr,19,nr,nr,nr,10,nr,nr,
08-03-2024,19,nr,11,nr,nr,4,16,8,31,nr,nr,nr,nr,nr,23,10,4,1,nr,nr,nr,7,nr,16,nr,3,16,15,nr,nr,nr,nr,nr,16,nr,nr,nr,13,nr,nr,
08-03-2024,20,nr,6,nr,nr,6,12,15,24,nr,nr,nr,nr,nr,18,23,8,20,nr,nr,nr,10,nr,25,nr,6,21,17,nr,nr,nr,nr,nr,13,nr,nr,nr,13,nr,nr,
08-03-2024,21,nr,2,nr,nr,13,24,17,33,nr,nr,nr,nr,nr,34,13,15,11,nr,nr,nr,18,nr,8,nr,7,26,29,nr,nr,nr,nr,nr,27,nr,nr,nr,19,nr,nr,
08-03-2024,22,nr,12,nr,nr,18,23,19,35,nr,nr,nr,nr,nr,27,17,17,14,nr,nr,nr,21,nr,5,nr,nr,22,31,nr,nr,nr,nr,nr,26,nr,nr,nr,27,nr,nr,
08-03-2024,23,nr,16,nr,nr,18,40,21,25,nr,nr,nr,nr,nr,25,21,13,9,nr,nr,nr,31,nr,14,nr,17,28,31,nr,nr,nr,nr,nr,16,nr,nr,nr,26,nr,nr,
08-03-2024,24,nr,15,nr,nr,22,42,19,25,nr,nr,nr,nr,nr,31,22,16,3,nr,nr,nr,29,nr,25,nr,9,32,33,nr,nr,nr,nr,nr,15,nr,nr,nr,nr,nr,nr,
09-03-2024,1,nr,12,nr,nr,21,23,nr,32,nr,nr,nr,nr,nr,nr,31,20,1,nr,nr,nr,20,nr,11,nr,nr,36,26,nr,nr,nr,nr,nr,14,nr,nr,nr,30,nr,nr,
09-03-2024,2,nr,8,nr,nr,nr,26,11,31,nr,nr,nr,nr,nr,16,28,19,9,nr,nr,nr,26,nr,13,nr,6,31,46,nr,nr,nr,nr,nr,13,nr,nr,nr,23,nr,nr,
09-03-2024,3,nr,8,nr,nr,23,26,14,nr,nr,nr,nr,nr,nr,34,25,16,3,nr,nr,nr,29,nr,5,nr,2,28,30,nr,nr,nr,nr,nr,14,nr,nr,nr,28,nr,nr,
09-03-2024,4,nr,8,nr,nr,25,29,14,nr,nr,nr,nr,nr,nr,38,26,16,nr,nr,nr,nr,26,nr,11,nr,16,68,52,nr,nr,nr,nr,nr,nr,nr,nr,nr,27,nr,nr,
09-03-2024,5,nr,12,nr,nr,21,23,13,nr,nr,nr,nr,nr,nr,45,26,17,8,nr,nr,nr,28,nr,7,nr,nr,34,46,nr,nr,nr,nr,nr,17,nr,nr,nr,25,nr,nr,
09-03-2024,6,nr,12,nr,nr,17,25,8,nr,nr,nr,nr,nr,nr,36,38,20,nr,nr,nr,nr,29,nr,11,nr,11,29,52,nr,nr,nr,nr,nr,18,nr,nr,nr,21,nr,nr,
09-03-2024,7,nr,13,nr,nr,18,37,14,nr,nr,nr,nr,nr,nr,48,35,13,nr,nr,nr,nr,34,nr,6,nr,8,29,46,nr,nr,nr,nr,nr,15,nr,nr,nr,21,nr,nr,
09-03-2024,8,nr,13,nr,nr,19,36,15,27,nr,nr,nr,nr,nr,51,40,17,3,nr,nr,nr,44,nr,3,42,15,25,53,nr,nr,nr,nr,nr,17,nr,nr,nr,22,nr,nr,
09-03-2024,9,nr,15,nr,nr,19,40,12,nr,nr,nr,nr,nr,nr,52,44,20,0,nr,nr,nr,44,nr,9,53,14,35,50,nr,nr,nr,nr,nr,22,nr,nr,nr,28,nr,nr,
09-03-2024,10,nr,13,nr,nr,20,38,16,45,nr,nr,nr,nr,nr,31,40,15,6,nr,nr,nr,31,nr,6,61,14,40,47,nr,nr,nr,nr,nr,26,nr,nr,nr,34,nr,nr,
09-03-2024,11,nr,21,nr,nr,31,46,25,39,nr,nr,nr,nr,nr,38,56,28,nr,nr,nr,nr,38,nr,17,52,24,45,41,nr,nr,nr,nr,nr,38,nr,nr,nr,24,nr,nr,
09-03-2024,12,nr,17,nr,nr,33,53,30,9,nr,nr,nr,nr,nr,43,49,36,5,nr,nr,nr,60,nr,19,28,36,28,55,nr,nr,nr,nr,nr,40,nr,nr,nr,30,nr,nr,
09-03-2024,13,nr,6,nr,nr,27,59,24,2,nr,nr,nr,nr,nr,16,54,45,6,nr,nr,nr,54,nr,8,14,23,20,35,nr,nr,nr,nr,nr,34,nr,nr,nr,21,nr,nr,
09-03-2024,14,nr,11,nr,nr,21,40,6,nr,nr,nr,nr,nr,nr,nr,10,33,nr,nr,nr,nr,24,nr,13,8,15,9,17,nr,nr,nr,nr,nr,23,nr,nr,nr,19,nr,nr,
09-03-2024,15,nr,16,nr,nr,19,34,9,10,nr,nr,nr,nr,nr,nr,18,14,22,nr,nr,nr,16,nr,7,9,9,12,13,nr,nr,nr,nr,nr,26,nr,nr,nr,14,nr,nr,
09-03-2024,16,nr,15,nr,nr,18,21,12,16,nr,nr,nr,nr,nr,3,17,17,3,nr,nr,nr,23,nr,6,14,14,18,16,nr,nr,nr,nr,nr,28,nr,nr,nr,10,nr,nr,
09-03-2024,17,nr,14,nr,nr,18,22,17,6,nr,nr,nr,nr,nr,9,21,20,50,nr,nr,nr,15,nr,7,17,15,18,16,nr,nr,nr,nr,nr,24,nr,nr,nr,15,nr,nr,
09-03-2024,18,nr,10,nr,nr,20,22,14,34,nr,nr,nr,nr,nr,19,21,15,28,nr,nr,nr,15,nr,6,22,15,30,20,nr,nr,nr,nr,nr,22,nr,nr,nr,12,nr,nr,
09-03-2024,19,nr,8,nr,nr,24,32,14,15,nr,nr,nr,nr,nr,27,14,35,13,nr,nr,nr,17,nr,4,nr,24,21,17,nr,nr,nr,nr,nr,16,nr,nr,nr,17,nr,nr,
09-03-2024,20,nr,12,nr,nr,27,31,22,17,nr,nr,nr,nr,nr,26,8,21,19,nr,nr,nr,22,nr,9,nr,19,21,16,nr,nr,nr,nr,nr,13,nr,nr,nr,23,nr,nr,
09-03-2024,21,nr,11,nr,nr,23,18,19,21,nr,nr,nr,nr,nr,21,26,20,9,nr,nr,nr,nr,nr,16,nr,12,20,16,nr,nr,nr,nr,nr,20,nr,nr,nr,24,nr,nr,
09-03-2024,22,nr,10,nr,nr,23,27,22,23,nr,nr,nr,nr,nr,20,22,24,12,nr,nr,nr,29,nr,22,nr,14,21,19,nr,nr,nr,nr,nr,13,nr,nr,nr,19,nr,nr,
09-03-2024,23,nr,10,nr,nr,20,28,25,28,nr,nr,nr,nr,nr,22,18,21,8,nr,nr,nr,16,nr,17,nr,20,25,19,nr,nr,nr,nr,nr,19,nr,nr,nr,22,nr,nr,
09-03-2024,24,nr,16,nr,nr,29,29,25,nr,nr,nr,nr,nr,nr,23,17,23,8,nr,nr,nr,nr,nr,12,nr,15,18,27,nr,nr,nr,nr,nr,22,nr,nr,nr,23,nr,nr,
10-03-2024,1,nr,18,nr,nr,31,36,nr,nr,nr,nr,nr,nr,nr,nr,23,25,3,nr,nr,nr,14,nr,9,nr,18,24,29,nr,nr,nr,nr,nr,35,nr,nr,nr,23,nr,nr,
10-03-2024,2,nr,18,nr,nr,32,40,47,nr,nr,nr,nr,nr,nr,23,29,40,0,nr,nr,nr,16,nr,32,nr,34,45,31,nr,nr,nr,nr,nr,28,nr,nr,nr,32,nr,nr,
10-03-2024,3,nr,25,nr,nr,29,38,39,nr,nr,nr,nr,nr,nr,43,33,30,2,nr,nr,nr,36,nr,24,nr,36,42,29,nr,nr,nr,nr,nr,27,nr,nr,nr,35,nr,nr,
10-03-2024,4,nr,25,nr,nr,33,36,37,nr,nr,nr,nr,nr,nr,36,28,26,3,nr,nr,nr,36,nr,23,nr,19,38,27,nr,nr,nr,nr,nr,29,nr,nr,nr,35,nr,nr,
10-03-2024,5,nr,28,nr,nr,33,44,37,nr,nr,nr,nr,nr,nr,40,29,28,3,nr,nr,nr,39,nr,27,nr,10,36,38,nr,nr,nr,nr,nr,29,nr,nr,nr,29,nr,nr,
10-03-2024,6,nr,29,nr,nr,37,44,25,nr,nr,nr,nr,nr,nr,32,29,30,7,nr,nr,nr,32,nr,27,nr,16,35,39,nr,nr,nr,nr,nr,34,nr,nr,nr,34,nr,nr,
10-03-2024,7,nr,28,nr,nr,35,36,32,nr,nr,nr,nr,nr,nr,47,33,30,6,nr,nr,nr,42,nr,29,nr,27,36,40,nr,nr,nr,nr,nr,32,nr,nr,nr,35,nr,nr,
10-03-2024,8,nr,30,nr,nr,32,43,35,nr,nr,nr,nr,nr,nr,37,30,28,7,nr,nr,nr,45,nr,50,41,32,39,40,nr,nr,nr,nr,nr,30,nr,nr,nr,63,nr,nr,
10-03-2024,9,nr,32,nr,nr,37,39,34,nr,nr,nr,nr,nr,nr,40,33,28,8,nr,nr,nr,40,nr,52,37,27,41,45,nr,nr,nr,nr,nr,33,nr,nr,nr,42,nr,nr,
10-03-2024,10,nr,38,nr,nr,41,53,37,59,nr,nr,nr,nr,nr,29,51,32,7,nr,nr,nr,44,nr,55,43,40,54,52,nr,nr,nr,nr,nr,42,nr,nr,nr,41,nr,nr,
10-03-2024,11,nr,46,nr,nr,49,63,42,46,nr,nr,nr,nr,nr,49,56,44,5,nr,nr,nr,48,nr,53,51,46,60,62,nr,nr,nr,nr,nr,45,nr,nr,nr,45,nr,nr,
10-03-2024,12,nr,43,nr,nr,64,61,46,34,nr,nr,nr,nr,nr,44,57,62,9,nr,nr,nr,nr,nr,58,52,50,64,63,nr,nr,nr,nr,nr,56,nr,nr,nr,54,nr,nr,
10-03-2024,13,nr,47,nr,nr,58,57,59,20,nr,nr,nr,nr,nr,35,56,59,13,nr,nr,nr,52,nr,44,44,59,48,58,nr,nr,nr,nr,nr,47,nr,nr,nr,59,nr,nr,
10-03-2024,14,nr,32,nr,nr,60,39,53,nr,nr,nr,nr,nr,nr,26,53,53,6,nr,nr,nr,54,nr,19,23,61,25,37,nr,nr,nr,nr,nr,34,nr,nr,nr,33,nr,nr,
10-03-2024,15,nr,1,nr,nr,nr,36,14,8,nr,nr,nr,nr,nr,15,13,26,11,nr,nr,nr,9,nr,11,10,nr,23,17,nr,nr,nr,nr,nr,23,nr,nr,nr,13,nr,nr,
10-03-2024,16,nr,6,nr,nr,nr,11,4,15,nr,nr,nr,nr,nr,8,15,21,19,nr,nr,nr,12,nr,11,8,nr,15,11,nr,nr,nr,nr,nr,11,nr,nr,nr,12,nr,nr,
10-03-2024,17,nr,8,nr,nr,nr,9,8,7,nr,nr,nr,nr,nr,8,8,15,23,nr,nr,nr,11,nr,13,7,nr,18,7,nr,nr,nr,nr,nr,14,nr,nr,nr,10,nr,nr,
10-03-2024,18,nr,8,nr,nr,nr,8,7,14,nr,nr,nr,nr,nr,8,9,0,1,nr,nr,nr,11,nr,10,12,9,26,8,nr,nr,nr,nr,nr,13,nr,nr,nr,11,nr,nr,
10-03-2024,19,nr,10,nr,nr,10,8,7,20,nr,nr,nr,nr,nr,10,6,7,14,nr,nr,nr,8,nr,6,nr,14,4,11,nr,nr,nr,nr,nr,14,nr,nr,nr,15,nr,nr,
10-03-2024,20,nr,11,nr,nr,15,3,10,nr,nr,nr,nr,nr,nr,15,8,10,2,nr,nr,nr,8,nr,13,nr,13,28,10,nr,nr,nr,nr,nr,9,nr,nr,nr,10,nr,nr,
10-03-2024,21,nr,20,nr,nr,17,1,21,nr,nr,nr,nr,nr,nr,21,11,13,18,nr,nr,nr,20,nr,12,nr,13,15,16,nr,nr,nr,nr,nr,16,nr,nr,nr,13,nr,nr,
10-03-2024,22,nr,38,nr,nr,22,24,32,nr,nr,nr,nr,nr,nr,23,8,14,7,nr,nr,nr,17,nr,13,nr,23,17,11,nr,nr,nr,nr,nr,14,nr,nr,nr,15,nr,nr,
10-03-2024,23,nr,33,nr,nr,18,16,24,nr,nr,nr,nr,nr,nr,18,11,16,20,nr,nr,nr,22,nr,17,nr,15,19,13,nr,nr,nr,nr,nr,13,nr,nr,nr,18,nr,nr,
10-03-2024,24,nr,30,nr,nr,15,24,15,nr,nr,nr,nr,nr,nr,25,7,16,11,nr,nr,nr,31,nr,17,nr,17,21,16,nr,nr,nr,nr,nr,14,nr,nr,nr,26,nr,nr,
11-03-2024,1,nr,23,nr,nr,19,20,nr,nr,nr,nr,nr,nr,nr,nr,6,17,9,nr,nr,nr,27,nr,11,nr,17,21,20,nr,nr,nr,nr,nr,13,nr,nr,nr,22,nr,nr,
11-03-2024,2,nr,18,nr,nr,22,25,20,nr,nr,nr,nr,nr,nr,27,17,17,6,nr,nr,nr,23,nr,10,nr,25,17,24,nr,nr,nr,nr,nr,20,nr,nr,nr,20,nr,nr,
11-03-2024,3,nr,15,nr,nr,23,nr,27,nr,nr,nr,nr,nr,nr,34,22,20,17,nr,nr,nr,36,nr,9,nr,17,24,26,nr,nr,nr,nr,nr,17,nr,nr,nr,25,nr,nr,
11-03-2024,4,nr,16,nr,nr,26,29,24,nr,nr,nr,nr,nr,nr,35,20,18,22,nr,nr,nr,28,nr,14,nr,11,21,26,nr,nr,nr,nr,nr,19,nr,nr,nr,19,nr,nr,
11-03-2024,5,nr,12,nr,nr,24,24,21,nr,nr,nr,nr,nr,nr,24,19,21,23,nr,nr,nr,28,nr,12,nr,9,24,18,nr,nr,nr,nr,nr,24,nr,nr,nr,20,nr,nr,
11-03-2024,6,nr,15,nr,nr,24,31,18,nr,nr,nr,nr,nr,nr,26,17,22,14,nr,nr,nr,31,nr,10,nr,16,30,22,nr,nr,nr,nr,nr,34,nr,nr,nr,29,nr,nr,
11-03-2024,7,nr,18,nr,nr,29,40,17,nr,nr,nr,nr,nr,nr,19,25,30,15,nr,nr,nr,42,nr,11,nr,12,26,24,nr,nr,nr,nr,nr,30,nr,nr,nr,28,nr,nr,
11-03-2024,8,nr,22,nr,nr,32,36,20,nr,nr,nr,nr,nr,nr,35,24,28,18,nr,nr,nr,35,nr,10,22,14,26,28,nr,nr,nr,nr,nr,31,nr,nr,nr,27,nr,nr,
11-03-2024,9,nr,22,nr,nr,33,34,21,nr,nr,nr,nr,nr,nr,23,24,26,5,nr,nr,nr,34,nr,15,24,17,28,32,nr,nr,nr,nr,nr,34,nr,nr,nr,21,nr,nr,
11-03-2024,10,nr,24,nr,nr,35,31,22,nr,nr,nr,nr,nr,nr,21,40,34,8,nr,nr,nr,34,nr,19,24,24,31,34,nr,nr,nr,nr,nr,39,nr,nr,nr,22,nr,nr,
11-03-2024,11,nr,27,nr,nr,41,42,35,nr,nr,nr,nr,nr,nr,24,44,40,16,nr,nr,nr,45,nr,20,30,29,41,49,nr,nr,nr,nr,nr,52,nr,nr,nr,31,nr,nr,
11-03-2024,12,nr,28,nr,nr,42,47,33,nr,nr,nr,nr,nr,nr,24,41,43,18,nr,nr,nr,44,nr,15,33,31,38,49,nr,nr,nr,nr,nr,41,nr,nr,nr,35,nr,nr,
11-03-2024,13,nr,25,nr,nr,22,30,27,nr,nr,nr,nr,nr,nr,22,35,30,13,nr,nr,nr,36,nr,12,23,28,19,26,nr,nr,nr,nr,nr,20,nr,nr,nr,30,nr,nr,
11-03-2024,14,nr,33,nr,nr,30,21,28,nr,nr,nr,nr,nr,nr,16,17,25,10,nr,nr,nr,27,nr,13,14,26,18,20,nr,nr,nr,nr,nr,27,nr,nr,nr,22,nr,nr,
11-03-2024,15,nr,22,nr,nr,27,17,22,nr,nr,nr,nr,nr,nr,11,28,24,20,nr,nr,nr,23,nr,9,10,nr,13,25,nr,nr,nr,nr,nr,28,nr,nr,nr,15,nr,nr,
11-03-2024,16,nr,62,nr,nr,16,26,10,nr,nr,nr,nr,nr,nr,14,25,1,17,nr,nr,nr,21,nr,6,14,nr,17,21,nr,nr,nr,nr,nr,26,nr,nr,nr,15,nr,nr,
11-03-2024,17,nr,13,nr,nr,12,9,15,nr,nr,nr,nr,nr,nr,22,19,nr,12,nr,nr,nr,14,nr,6,11,12,18,13,nr,nr,nr,nr,nr,24,nr,nr,nr,12,nr,nr,
11-03-2024,18,nr,8,nr,nr,16,24,15,nr,nr,nr,nr,nr,nr,18,8,6,1,nr,nr,nr,19,nr,9,12,11,21,12,nr,nr,nr,nr,nr,17,nr,nr,nr,13,nr,nr,
11-03-2024,19,nr,8,nr,nr,12,23,14,nr,nr,nr,nr,nr,nr,19,12,8,nr,nr,nr,nr,18,nr,10,nr,12,17,14,nr,nr,nr,nr,nr,19,nr,nr,nr,18,nr,nr,
11-03-2024,20,nr,13,nr,nr,12,20,13,nr,nr,nr,nr,nr,nr,15,11,11,11,nr,nr,nr,15,nr,9,nr,15,19,10,nr,nr,nr,nr,nr,17,nr,nr,nr,18,nr,nr,
11-03-2024,21,nr,14,nr,nr,17,14,19,nr,nr,nr,nr,nr,nr,19,13,11,15,nr,nr,nr,18,nr,10,nr,15,19,14,nr,nr,nr,nr,nr,18,nr,nr,nr,13,nr,nr,
11-03-2024,22,nr,16,nr,nr,17,19,21,nr,nr,nr,nr,nr,nr,21,12,17,15,nr,nr,nr,18,nr,11,nr,18,23,17,nr,nr,nr,nr,nr,12,nr,nr,nr,14,nr,nr,
11-03-2024,23,nr,13,nr,nr,21,16,24,nr,nr,nr,nr,nr,nr,19,12,17,16,nr,nr,nr,20,nr,11,nr,20,25,14,nr,nr,nr,nr,nr,19,nr,nr,nr,16,nr,nr,
11-03-2024,24,nr,16,nr,nr,20,20,23,nr,nr,nr,nr,nr,nr,19,14,16,13,nr,nr,nr,24,nr,14,nr,24,18,25,nr,nr,nr,nr,nr,18,nr,nr,nr,18,nr,nr,
12-03-2024,1,nr,13,nr,nr,23,20,nr,nr,nr,nr,nr,nr,nr,nr,21,18,24,nr,nr,nr,30,nr,12,nr,15,19,17,nr,nr,nr,nr,nr,13,nr,nr,nr,25,nr,nr,
12-03-2024,2,nr,17,nr,nr,21,20,9,25,nr,nr,nr,nr,nr,25,16,20,31,nr,nr,nr,19,nr,9,nr,10,25,21,nr,nr,nr,nr,nr,24,nr,nr,nr,21,nr,nr,
12-03-2024,3,nr,14,14,nr,22,25,16,28,nr,nr,nr,nr,nr,27,15,22,42,nr,nr,nr,27,nr,10,nr,26,21,21,nr,nr,nr,nr,nr,20,nr,nr,nr,23,nr,nr,
12-03-2024,4,nr,16,15,nr,19,22,17,29,nr,nr,nr,nr,nr,26,22,20,29,nr,nr,nr,22,nr,11,nr,nr,18,22,nr,nr,nr,nr,nr,22,nr,nr,nr,23,nr,nr,
12-03-2024,5,nr,15,368,nr,22,26,22,31,nr,nr,nr,nr,nr,32,20,22,16,nr,nr,nr,33,nr,10,nr,17,22,24,nr,nr,nr,nr,nr,17,nr,nr,nr,26,nr,nr,
12-03-2024,6,nr,15,71,nr,21,35,22,26,nr,nr,nr,nr,nr,25,22,19,11,nr,nr,nr,27,nr,8,nr,11,28,29,nr,nr,nr,nr,nr,16,nr,nr,nr,25,nr,nr,
12-03-2024,7,nr,10,11,nr,20,29,20,35,nr,nr,nr,nr,nr,31,22,25,11,nr,nr,nr,31,nr,8,nr,11,20,34,nr,nr,nr,nr,nr,14,nr,nr,nr,30,nr,nr,
12-03-2024,8,nr,12,12,nr,20,39,22,43,nr,nr,nr,nr,nr,25,22,30,5,nr,nr,nr,37,nr,6,32,12,36,33,nr,nr,nr,nr,nr,20,nr,nr,nr,26,nr,nr,
12-03-2024,9,nr,16,13,nr,nr,58,20,47,nr,nr,nr,nr,nr,25,nr,28,5,nr,nr,nr,38,nr,12,38,8,33,27,nr,nr,nr,nr,nr,21,nr,nr,nr,27,nr,nr,
12-03-2024,10,nr,19,12,nr,nr,42,16,46,nr,nr,nr,nr,nr,20,nr,24,6,nr,nr,nr,36,nr,14,30,19,49,30,nr,nr,nr,nr,nr,28,nr,nr,nr,26,nr,nr,
12-03-2024,11,nr,22,2,nr,nr,47,17,nr,nr,nr,nr,nr,nr,25,nr,29,7,nr,nr,nr,41,nr,20,36,24,46,30,nr,nr,nr,nr,nr,36,nr,nr,nr,32,nr,nr,
12-03-2024,12,nr,16,18,nr,42,50,24,nr,nr,nr,nr,nr,nr,20,nr,40,14,nr,nr,nr,35,nr,15,40,26,46,24,nr,nr,nr,nr,nr,38,nr,nr,nr,34,nr,nr,
12-03-2024,13,nr,18,47,nr,22,28,30,12,nr,nr,nr,nr,nr,18,20,25,8,nr,nr,nr,23,nr,17,22,29,41,21,nr,nr,nr,nr,nr,23,nr,nr,nr,24,nr,nr,
12-03-2024,14,nr,31,43,nr,24,21,18,16,nr,nr,nr,nr,nr,11,17,nr,10,nr,nr,nr,18,nr,18,24,nr,32,16,nr,nr,nr,nr,nr,18,nr,nr,nr,31,nr,nr,
12-03-2024,15,nr,34,19,nr,19,36,20,20,nr,nr,nr,nr,nr,10,21,nr,29,nr,nr,nr,23,nr,10,18,29,20,12,nr,nr,nr,nr,nr,24,nr,nr,nr,27,nr,nr,
12-03-2024,16,nr,18,15,nr,25,29,16,18,nr,nr,nr,nr,nr,9,27,nr,20,nr,nr,nr,21,nr,13,11,nr,19,23,nr,nr,nr,nr,nr,29,nr,nr,nr,19,nr,nr,
12-03-2024,17,nr,24,24,nr,20,27,13,14,nr,nr,nr,nr,nr,20,16,nr,16,nr,nr,nr,19,nr,15,14,17,21,22,nr,nr,nr,nr,nr,31,nr,nr,nr,16,nr,nr,
12-03-2024,18,nr,16,18,nr,20,23,22,nr,nr,nr,nr,nr,nr,23,24,nr,16,nr,nr,nr,17,nr,12,14,17,25,14,nr,nr,nr,nr,nr,19,nr,nr,nr,21,nr,nr,
12-03-2024,19,nr,15,20,nr,16,24,19,nr,nr,nr,nr,nr,nr,20,11,nr,21,nr,nr,nr,18,nr,8,nr,nr,24,13,nr,nr,nr,nr,nr,16,nr,nr,nr,17,nr,nr,
12-03-2024,20,nr,14,18,nr,14,5,21,18,nr,nr,nr,nr,nr,16,17,nr,21,nr,nr,nr,18,nr,14,nr,13,24,18,nr,nr,nr,nr,nr,17,nr,nr,nr,15,nr,nr,
12-03-2024,21,nr,9,17,nr,14,7,16,nr,nr,nr,nr,nr,nr,22,16,nr,18,nr,nr,nr,17,nr,16,nr,12,19,14,nr,nr,nr,nr,nr,11,nr,nr,nr,15,nr,nr,
12-03-2024,22,nr,10,17,nr,16,18,16,22,nr,nr,nr,nr,nr,16,15,nr,29,nr,nr,nr,16,nr,13,nr,16,23,14,nr,nr,nr,nr,nr,14,nr,nr,nr,14,nr,nr,
12-03-2024,23,nr,12,nr,nr,18,13,15,nr,nr,nr,nr,nr,nr,22,14,nr,19,nr,nr,nr,17,nr,10,nr,16,21,17,nr,nr,nr,nr,nr,12,nr,nr,nr,14,nr,nr,
12-03-2024,24,nr,12,14,nr,15,14,22,23,nr,nr,nr,nr,nr,17,13,nr,13,nr,nr,nr,18,nr,10,nr,12,22,20,nr,nr,nr,nr,nr,13,nr,nr,nr,15,nr,nr,
13-03-2024,1,nr,14,nr,nr,16,14,nr,nr,nr,nr,nr,nr,nr,nr,9,nr,6,nr,nr,nr,12,nr,10,nr,8,24,25,nr,nr,nr,nr,nr,15,nr,nr,nr,15,nr,nr,
13-03-2024,2,nr,11,17,nr,19,19,12,nr,nr,nr,nr,nr,nr,15,5,nr,9,nr,nr,nr,17,nr,12,nr,15,19,17,nr,nr,nr,nr,nr,9,nr,nr,nr,15,nr,nr,
13-03-2024,3,nr,11,14,nr,18,17,21,28,nr,nr,nr,nr,nr,25,12,nr,4,nr,nr,nr,16,nr,10,nr,15,21,14,nr,nr,nr,nr,nr,15,nr,nr,nr,19,nr,nr,
13-03-2024,4,nr,10,12,nr,15,7,17,nr,nr,nr,nr,nr,nr,21,11,nr,11,nr,nr,nr,25,nr,13,nr,20,22,15,nr,nr,nr,nr,nr,10,nr,nr,nr,19,nr,nr,
13-03-2024,5,nr,8,8,nr,18,10,15,24,nr,nr,nr,nr,nr,24,12,nr,3,nr,nr,nr,22,nr,10,nr,nr,23,26,nr,nr,nr,nr,nr,13,nr,nr,nr,29,nr,nr,
13-03-2024,6,nr,9,10,nr,16,16,13,24,nr,nr,nr,nr,nr,19,14,nr,3,nr,nr,nr,28,nr,12,nr,nr,25,20,nr,nr,nr,nr,nr,13,nr,nr,nr,39,nr,nr,
13-03-2024,7,nr,7,18,nr,23,22,20,31,nr,nr,nr,nr,nr,32,17,nr,7,nr,nr,nr,20,nr,13,nr,nr,55,24,nr,nr,nr,nr,nr,15,nr,nr,nr,30,nr,nr,
13-03-2024,8,nr,10,15,nr,21,26,17,nr,nr,nr,nr,nr,nr,32,21,nr,7,nr,nr,nr,28,nr,9,nr,nr,46,22,nr,nr,nr,nr,nr,16,nr,nr,nr,21,nr,nr,
13-03-2024,9,nr,15,14,nr,19,27,14,53,nr,nr,nr,nr,nr,28,27,nr,6,nr,nr,nr,37,nr,10,36,nr,34,31,nr,nr,nr,nr,nr,16,nr,nr,nr,23,nr,nr,
13-03-2024,10,nr,19,16,nr,26,23,14,48,nr,nr,nr,nr,nr,23,36,nr,11,nr,nr,nr,31,nr,16,41,nr,43,24,nr,nr,nr,nr,nr,24,nr,nr,nr,20,nr,nr,
13-03-2024,11,nr,22,16,nr,35,41,28,33,nr,nr,nr,nr,nr,25,35,nr,13,nr,nr,nr,42,nr,23,41,nr,35,35,nr,nr,nr,nr,nr,26,nr,nr,nr,35,nr,nr,
13-03-2024,12,nr,nr,18,nr,39,28,25,21,nr,nr,nr,nr,nr,22,29,nr,20,nr,nr,nr,25,nr,21,29,nr,26,25,nr,nr,nr,nr,nr,26,nr,nr,nr,nr,nr,nr,
13-03-2024,13,nr,nr,29,nr,33,23,28,17,nr,nr,nr,nr,nr,13,17,nr,14,nr,nr,nr,24,nr,24,20,nr,31,17,nr,nr,nr,nr,nr,30,nr,nr,nr,nr,nr,nr,
13-03-2024,14,nr,nr,35,nr,22,28,20,15,nr,nr,nr,nr,nr,14,28,nr,12,nr,nr,nr,18,nr,20,18,nr,34,17,nr,nr,nr,nr,nr,26,nr,nr,nr,nr,nr,nr,
13-03-2024,15,nr,nr,36,nr,27,19,23,15,nr,nr,nr,nr,nr,12,22,nr,28,nr,nr,nr,17,nr,14,18,nr,31,20,nr,nr,nr,nr,nr,27,nr,nr,nr,nr,nr,nr,
13-03-2024,16,nr,18,24,nr,28,31,21,17,nr,nr,nr,nr,nr,15,nr,nr,32,nr,nr,nr,23,nr,22,23,nr,28,25,nr,nr,nr,nr,nr,25,nr,nr,nr,27,nr,nr,
13-03-2024,17,nr,23,26,nr,26,25,21,21,nr,nr,nr,nr,nr,22,26,nr,15,nr,nr,nr,25,nr,21,21,nr,26,27,nr,nr,nr,nr,nr,30,nr,nr,nr,25,nr,nr,
13-03-2024,18,nr,18,24,nr,23,14,24,28,nr,nr,nr,nr,nr,21,33,nr,19,nr,nr,nr,28,nr,18,27,nr,27,28,nr,nr,nr,nr,nr,19,nr,nr,nr,21,nr,nr,
13-03-2024,19,nr,11,21,nr,23,15,27,29,nr,nr,nr,nr,nr,27,20,nr,11,nr,nr,nr,23,nr,22,nr,nr,28,22,nr,nr,nr,nr,nr,9,nr,nr,nr,22,nr,nr,
13-03-2024,20,nr,10,25,nr,19,9,22,26,nr,nr,nr,nr,nr,28,22,nr,nr,nr,nr,nr,20,nr,39,nr,nr,26,22,nr,nr,nr,nr,nr,13,nr,nr,nr,26,nr,nr,
13-03-2024,21,nr,15,20,nr,20,2,20,29,nr,nr,nr,nr,nr,23,12,nr,15,nr,nr,nr,19,nr,34,nr,nr,28,22,nr,nr,nr,nr,nr,8,nr,nr,nr,21,nr,nr,
13-03-2024,22,nr,15,24,nr,25,23,24,31,nr,nr,nr,nr,nr,24,18,nr,14,nr,nr,nr,23,nr,45,nr,nr,32,23,nr,nr,nr,nr,nr,11,nr,nr,nr,20,nr,nr,
13-03-2024,23,nr,14,30,nr,25,18,23,36,nr,nr,nr,nr,nr,31,18,nr,10,nr,nr,nr,30,nr,64,nr,nr,31,28,nr,nr,nr,nr,nr,12,nr,nr,nr,25,nr,nr,
13-03-2024,24,nr,10,26,nr,26,20,26,35,nr,nr,nr,nr,nr,30,21,nr,17,nr,nr,nr,25,nr,25,nr,nr,23,27,nr,nr,nr,nr,nr,13,nr,nr,nr,51,nr,nr,
14-03-2024,1,nr,16,nr,nr,26,38,nr,35,nr,nr,nr,nr,nr,nr,25,nr,16,nr,nr,nr,32,nr,15,nr,nr,27,32,nr,nr,nr,nr,nr,12,nr,nr,nr,33,nr,nr,
14-03-2024,2,nr,15,11,nr,27,34,29,41,nr,nr,nr,nr,nr,25,18,nr,11,nr,nr,nr,31,nr,12,nr,nr,27,27,nr,nr,nr,nr,nr,11,nr,nr,nr,27,nr,nr,
14-03-2024,3,nr,6,15,nr,20,25,24,36,nr,nr,nr,nr,nr,38,20,nr,6,nr,nr,nr,29,nr,10,nr,nr,33,26,nr,nr,nr,nr,nr,14,nr,nr,nr,32,nr,nr,
14-03-2024,4,nr,3,19,nr,20,26,15,33,nr,nr,nr,nr,nr,38,21,nr,5,nr,nr,nr,21,nr,13,nr,nr,27,40,nr,nr,nr,nr,nr,18,nr,nr,nr,27,nr,nr,
14-03-2024,5,nr,2,12,nr,24,23,18,36,nr,nr,nr,nr,nr,37,25,nr,2,nr,nr,nr,23,nr,10,nr,nr,20,43,nr,nr,nr,nr,nr,18,nr,nr,nr,24,nr,nr,
14-03-2024,6,nr,nr,12,nr,24,22,22,38,nr,nr,nr,nr,nr,34,24,nr,0,nr,nr,nr,32,nr,7,nr,nr,28,33,nr,nr,nr,nr,nr,21,nr,nr,nr,28,nr,nr,
14-03-2024,7,nr,6,8,nr,24,28,18,36,nr,nr,nr,nr,nr,38,21,nr,4,nr,nr,nr,23,nr,5,nr,nr,21,29,nr,nr,nr,nr,nr,22,nr,nr,nr,24,nr,nr,
14-03-2024,8,nr,9,12,nr,24,22,16,45,nr,nr,nr,nr,nr,45,20,nr,nr,nr,nr,nr,25,nr,6,16,nr,23,36,nr,nr,nr,nr,nr,22,nr,nr,nr,25,nr,nr,
14-03-2024,9,nr,9,10,nr,20,28,18,52,nr,nr,nr,nr,nr,40,31,nr,nr,nr,nr,nr,nr,nr,7,30,nr,37,48,nr,nr,nr,nr,nr,21,nr,nr,nr,40,nr,nr,
14-03-2024,10,nr,15,12,nr,nr,32,11,35,nr,nr,nr,nr,nr,33,30,nr,1,nr,nr,nr,35,nr,13,46,nr,37,51,nr,nr,nr,nr,nr,25,nr,nr,nr,30,nr,nr,
14-03-2024,11,nr,25,8,nr,nr,46,24,26,nr,nr,nr,nr,nr,20,25,nr,6,nr,nr,nr,45,nr,22,42,nr,26,23,nr,nr,nr,nr,nr,33,nr,nr,nr,29,nr,nr,
14-03-2024,12,nr,28,nr,nr,0,47,nr,22,nr,nr,nr,nr,nr,18,32,nr,nr,nr,nr,nr,46,nr,18,28,nr,20,20,nr,nr,nr,nr,nr,32,nr,nr,nr,26,nr,nr,
14-03-2024,13,nr,18,12,nr,25,25,nr,18,nr,nr,nr,nr,nr,19,25,nr,10,nr,nr,nr,28,nr,17,16,nr,14,20,nr,nr,nr,nr,nr,18,nr,nr,nr,14,nr,nr,
14-03-2024,14,nr,15,18,nr,12,19,nr,19,nr,nr,nr,nr,nr,7,13,nr,6,nr,nr,nr,18,nr,3,8,nr,8,12,nr,nr,nr,nr,nr,19,nr,nr,nr,7,nr,nr,
14-03-2024,15,nr,4,9,nr,8,24,nr,83,nr,nr,nr,nr,nr,1,10,nr,15,nr,nr,nr,11,nr,5,8,nr,nr,10,nr,nr,nr,nr,nr,13,nr,nr,nr,7,nr,nr,
14-03-2024,16,nr,9,11,nr,12,10,9,26,nr,nr,nr,nr,nr,6,10,nr,8,nr,nr,nr,11,nr,13,9,nr,1,8,nr,nr,nr,nr,nr,6,nr,nr,nr,7,nr,nr,
14-03-2024,17,nr,8,14,nr,10,11,17,25,nr,nr,nr,nr,nr,6,13,nr,10,nr,nr,nr,10,nr,8,7,nr,16,11,nr,nr,nr,nr,nr,5,nr,nr,nr,10,nr,nr,
14-03-2024,18,nr,5,13,nr,11,10,9,25,nr,nr,nr,nr,nr,13,4,nr,4,nr,nr,nr,11,nr,7,8,nr,15,8,nr,nr,nr,nr,nr,11,nr,nr,nr,9,nr,nr,
14-03-2024,19,nr,6,10,nr,10,8,18,26,nr,nr,nr,nr,nr,14,21,nr,11,nr,nr,nr,13,nr,13,nr,nr,16,11,nr,nr,nr,nr,nr,10,nr,nr,nr,13,nr,nr,
14-03-2024,20,nr,16,18,nr,8,22,16,29,nr,nr,nr,nr,nr,nr,10,nr,9,nr,nr,nr,12,nr,18,nr,nr,16,10,nr,nr,nr,nr,nr,9,nr,nr,nr,14,nr,nr,
14-03-2024,21,nr,21,21,nr,19,26,19,33,nr,nr,nr,nr,nr,25,12,nr,22,nr,nr,nr,17,nr,21,nr,nr,19,14,nr,nr,nr,nr,nr,12,nr,nr,nr,22,nr,nr,
14-03-2024,22,nr,28,36,nr,28,22,35,41,nr,nr,nr,nr,nr,26,21,nr,24,nr,nr,nr,30,nr,20,nr,nr,31,20,nr,nr,nr,nr,nr,18,nr,nr,nr,28,nr,nr,
14-03-2024,23,nr,14,28,nr,27,17,30,43,nr,nr,nr,nr,nr,32,24,nr,10,nr,nr,nr,25,nr,16,nr,nr,29,28,nr,nr,nr,nr,nr,16,nr,nr,nr,19,nr,nr,
14-03-2024,24,nr,12,32,nr,23,13,19,33,nr,nr,nr,nr,nr,35,17,nr,12,nr,nr,nr,23,nr,16,nr,nr,27,28,nr,nr,nr,nr,nr,14,nr,nr,nr,17,nr,nr,
15-03-2024,1,nr,11,nr,nr,22,13,nr,32,nr,nr,nr,nr,nr,nr,11,nr,2,nr,nr,nr,21,nr,14,nr,nr,24,24,nr,nr,nr,nr,nr,12,nr,nr,nr,14,nr,nr,
15-03-2024,2,nr,8,21,nr,18,16,27,29,nr,nr,nr,nr,nr,24,17,nr,4,nr,nr,nr,22,nr,11,nr,15,19,26,nr,nr,nr,nr,nr,14,nr,nr,nr,19,nr,nr,
15-03-2024,3,nr,15,15,nr,18,22,21,29,nr,nr,nr,nr,nr,21,17,nr,5,nr,nr,nr,26,nr,17,nr,12,18,28,nr,nr,nr,nr,nr,15,nr,nr,nr,18,nr,nr,
15-03-2024,4,nr,26,12,nr,20,25,13,30,nr,nr,nr,nr,nr,24,13,nr,9,nr,nr,nr,33,nr,12,nr,6,14,18,nr,nr,nr,nr,nr,12,nr,nr,nr,22,nr,nr,
15-03-2024,5,nr,17,11,nr,18,17,15,30,nr,nr,nr,nr,nr,17,19,nr,10,nr,nr,nr,25,nr,7,nr,15,16,17,nr,nr,nr,nr,nr,13,nr,nr,nr,23,nr,nr,
15-03-2024,6,nr,15,10,nr,17,13,21,31,nr,nr,nr,nr,nr,22,13,nr,4,nr,nr,nr,25,nr,9,nr,6,21,20,nr,nr,nr,nr,nr,14,nr,nr,nr,20,nr,nr,
15-03-2024,7,nr,10,7,nr,18,21,33,30,nr,nr,nr,nr,nr,25,18,nr,8,nr,nr,nr,25,nr,8,nr,15,26,26,nr,nr,nr,nr,nr,14,nr,nr,nr,15,nr,nr,
15-03-2024,8,nr,7,9,nr,21,34,30,31,nr,nr,nr,nr,nr,26,22,nr,3,nr,nr,nr,19,nr,10,nr,7,31,31,nr,nr,nr,nr,nr,17,nr,nr,nr,23,nr,nr,
15-03-2024,9,nr,6,8,nr,22,36,23,56,nr,nr,nr,nr,nr,28,30,nr,2,nr,nr,nr,33,nr,11,33,nr,34,39,nr,nr,nr,nr,nr,21,nr,nr,nr,22,nr,nr,
15-03-2024,10,nr,14,12,nr,24,37,11,42,nr,nr,nr,nr,nr,42,31,nr,nr,nr,nr,nr,31,nr,14,37,nr,39,47,nr,nr,nr,nr,nr,18,nr,nr,nr,29,nr,nr,
15-03-2024,11,nr,19,nr,nr,27,39,26,35,nr,nr,nr,nr,nr,37,41,nr,4,nr,nr,nr,33,nr,10,43,42,45,40,nr,nr,nr,nr,nr,25,nr,nr,nr,42,nr,nr,
15-03-2024,12,nr,16,16,nr,42,42,27,30,nr,nr,nr,nr,nr,22,27,nr,7,nr,nr,nr,37,nr,9,31,34,32,22,nr,nr,nr,nr,nr,24,nr,nr,nr,32,nr,nr,
15-03-2024,13,nr,16,29,nr,19,16,21,17,nr,nr,nr,nr,nr,9,19,nr,3,nr,nr,nr,13,nr,10,13,22,20,12,nr,nr,nr,nr,nr,13,nr,nr,nr,16,nr,nr,
15-03-2024,14,nr,14,21,nr,12,5,10,20,nr,nr,nr,nr,nr,9,2,nr,0,nr,nr,nr,19,nr,12,10,14,11,4,nr,nr,nr,nr,nr,17,nr,nr,nr,14,nr,nr,
15-03-2024,15,nr,7,12,nr,12,2,8,22,nr,nr,nr,nr,nr,4,16,nr,nr,nr,nr,nr,6,nr,7,12,nr,12,9,nr,nr,nr,nr,nr,7,nr,nr,nr,11,nr,nr,
15-03-2024,16,nr,12,16,nr,12,18,7,30,nr,nr,nr,nr,nr,9,16,nr,12,nr,nr,nr,25,nr,11,10,7,15,14,nr,nr,nr,nr,nr,34,nr,nr,nr,10,nr,nr,
15-03-2024,17,nr,11,20,nr,15,21,9,23,nr,nr,nr,nr,nr,14,15,nr,15,nr,nr,nr,15,nr,13,10,11,27,17,nr,nr,nr,nr,nr,21,nr,nr,nr,12,nr,nr,
15-03-2024,18,nr,11,17,nr,nr,20,19,25,nr,nr,nr,nr,nr,19,12,nr,20,nr,nr,nr,20,nr,11,16,22,33,18,nr,nr,nr,nr,nr,30,nr,nr,nr,15,nr,nr,
15-03-2024,19,nr,11,16,nr,nr,22,22,26,nr,nr,nr,nr,nr,19,16,nr,18,nr,nr,nr,23,nr,13,nr,17,27,15,nr,nr,nr,nr,nr,25,nr,nr,nr,15,nr,nr,
15-03-2024,20,nr,12,17,nr,nr,7,18,25,nr,nr,nr,nr,nr,20,16,nr,34,nr,nr,nr,16,nr,17,nr,nr,26,18,nr,nr,nr,nr,nr,7,nr,nr,nr,12,nr,nr,
15-03-2024,21,nr,8,15,nr,16,10,17,24,nr,nr,nr,nr,nr,21,10,nr,22,nr,nr,nr,17,nr,13,nr,14,28,17,nr,nr,nr,nr,nr,20,nr,nr,nr,18,nr,nr,
15-03-2024,22,nr,12,19,nr,15,23,18,25,nr,nr,nr,nr,nr,21,7,nr,13,nr,nr,nr,14,nr,15,nr,nr,24,15,nr,nr,nr,nr,nr,11,nr,nr,nr,21,nr,nr,
15-03-2024,23,nr,15,27,nr,16,12,17,28,nr,nr,nr,nr,nr,19,14,nr,10,nr,nr,nr,20,nr,29,nr,17,21,16,nr,nr,nr,nr,nr,13,nr,nr,nr,26,nr,nr,
15-03-2024,24,nr,17,15,nr,15,20,21,32,nr,nr,nr,nr,nr,23,13,nr,10,nr,nr,nr,22,nr,20,nr,18,20,20,nr,nr,nr,nr,nr,11,nr,nr,nr,21,nr,nr,
16-03-2024,1,nr,19,nr,nr,22,29,nr,34,nr,nr,nr,nr,nr,nr,14,nr,12,nr,nr,nr,22,nr,20,nr,14,20,18,nr,nr,nr,nr,nr,10,nr,nr,nr,28,nr,nr,
16-03-2024,2,nr,17,17,nr,22,27,22,31,nr,nr,nr,nr,nr,25,19,nr,6,nr,nr,nr,25,nr,16,nr,14,28,28,nr,nr,nr,nr,nr,5,nr,nr,nr,25,nr,nr,
16-03-2024,3,nr,18,25,nr,20,26,26,31,nr,nr,nr,nr,nr,28,18,nr,12,nr,nr,nr,25,nr,16,nr,23,26,21,nr,nr,nr,nr,nr,20,nr,nr,nr,27,nr,nr,
16-03-2024,4,nr,20,10,nr,21,24,21,33,nr,nr,nr,nr,nr,32,20,nr,16,nr,nr,nr,22,nr,16,nr,10,34,19,nr,nr,nr,nr,nr,9,nr,nr,nr,29,nr,nr,
16-03-2024,5,nr,20,5,nr,21,69,22,36,nr,nr,nr,nr,nr,27,21,nr,13,nr,nr,nr,26,nr,13,nr,26,33,22,nr,nr,nr,nr,nr,3,nr,nr,nr,22,nr,nr,
16-03-2024,6,nr,18,15,nr,21,62,23,38,nr,nr,nr,nr,nr,37,15,nr,4,nr,nr,nr,22,nr,13,nr,16,32,24,nr,nr,nr,nr,nr,12,nr,nr,nr,24,nr,nr,
16-03-2024,7,nr,24,9,nr,24,40,26,33,nr,nr,nr,nr,nr,27,20,nr,12,nr,nr,nr,20,nr,15,nr,18,37,30,nr,nr,nr,nr,nr,14,nr,nr,nr,22,nr,nr,
16-03-2024,8,nr,21,10,nr,22,31,23,43,nr,nr,nr,nr,nr,38,25,nr,14,nr,nr,nr,39,nr,15,nr,22,35,31,nr,nr,nr,nr,nr,20,nr,nr,nr,32,nr,nr,
16-03-2024,9,nr,16,13,nr,27,28,28,60,nr,nr,nr,nr,nr,32,29,nr,10,nr,nr,nr,nr,nr,16,38,23,41,29,nr,nr,nr,nr,nr,22,nr,nr,nr,34,nr,nr,
16-03-2024,10,nr,21,14,nr,28,41,nr,42,nr,nr,nr,nr,nr,30,31,nr,11,nr,nr,nr,nr,nr,20,46,29,50,36,nr,nr,nr,nr,nr,39,nr,nr,nr,32,nr,nr,
16-03-2024,11,nr,27,24,nr,30,38,29,44,nr,nr,nr,nr,nr,35,38,nr,8,nr,nr,nr,nr,nr,23,46,29,47,40,nr,nr,nr,nr,nr,31,nr,nr,nr,37,nr,nr,
16-03-2024,12,nr,18,20,nr,25,34,28,39,nr,nr,nr,nr,nr,28,37,nr,9,nr,nr,nr,nr,nr,25,43,29,37,51,nr,nr,nr,nr,nr,29,nr,nr,nr,30,nr,nr,
16-03-2024,13,nr,17,16,nr,21,25,23,30,nr,nr,nr,nr,nr,20,nr,nr,7,nr,nr,nr,26,nr,18,28,19,40,19,nr,nr,nr,nr,nr,25,nr,nr,nr,30,nr,nr,
16-03-2024,14,nr,21,24,nr,28,22,23,31,nr,nr,nr,nr,nr,17,33,nr,11,nr,nr,nr,22,nr,13,23,24,30,21,nr,nr,nr,nr,nr,19,nr,nr,nr,27,nr,nr,
16-03-2024,15,nr,22,23,nr,24,21,25,28,nr,nr,nr,nr,nr,20,28,nr,nr,nr,nr,nr,38,nr,6,16,21,27,25,nr,nr,nr,nr,nr,22,nr,nr,nr,21,nr,nr,
16-03-2024,16,nr,11,22,nr,16,21,13,29,nr,nr,nr,nr,nr,15,22,nr,11,nr,nr,nr,19,nr,7,19,18,26,21,nr,nr,nr,nr,nr,6,nr,nr,nr,15,nr,nr,
16-03-2024,17,nr,10,13,nr,10,14,10,30,nr,nr,nr,nr,nr,26,16,nr,9,nr,nr,nr,10,nr,14,10,6,18,12,nr,nr,nr,nr,nr,nr,nr,nr,nr,16,nr,nr,
16-03-2024,18,nr,14,15,nr,13,13,14,32,nr,nr,nr,nr,nr,22,26,nr,13,nr,nr,nr,12,nr,13,10,14,24,11,nr,nr,nr,nr,nr,6,nr,nr,nr,15,nr,nr,
16-03-2024,19,nr,8,16,nr,nr,16,18,27,nr,nr,nr,nr,nr,23,12,nr,11,nr,nr,nr,12,nr,15,nr,19,20,15,nr,nr,nr,nr,nr,26,nr,nr,nr,10,nr,nr,
16-03-2024,20,nr,5,17,nr,13,10,20,30,nr,nr,nr,nr,nr,20,12,nr,9,nr,nr,nr,15,nr,11,nr,36,18,15,nr,nr,nr,nr,nr,10,nr,nr,nr,10,nr,nr,
16-03-2024,21,nr,11,19,nr,15,nr,16,27,nr,nr,nr,nr,nr,17,15,nr,10,nr,nr,nr,17,nr,11,nr,10,20,nr,nr,nr,nr,nr,nr,5,nr,nr,nr,12,nr,nr,
16-03-2024,22,nr,8,16,nr,11,13,14,28,nr,nr,nr,nr,nr,20,13,nr,5,nr,nr,nr,16,nr,11,nr,9,21,16,nr,nr,nr,nr,nr,16,nr,nr,nr,11,nr,nr,
16-03-2024,23,nr,9,13,nr,17,20,nr,38,nr,nr,nr,nr,nr,19,10,nr,4,nr,nr,nr,15,nr,8,nr,9,25,20,nr,nr,nr,nr,nr,14,nr,nr,nr,15,nr,nr,
16-03-2024,24,nr,3,17,nr,13,20,10,41,nr,nr,nr,nr,nr,25,12,nr,8,nr,nr,nr,22,nr,29,nr,nr,24,20,nr,nr,nr,nr,nr,14,nr,nr,nr,16,nr,nr,
17-03-2024,1,nr,5,nr,nr,14,19,nr,27,nr,nr,nr,nr,nr,nr,16,nr,8,nr,nr,nr,16,nr,43,nr,4,21,19,nr,nr,nr,nr,nr,21,nr,nr,nr,14,nr,nr,
17-03-2024,2,nr,3,11,nr,13,17,5,29,nr,nr,nr,nr,nr,25,18,nr,3,nr,nr,nr,13,nr,54,nr,3,21,24,nr,nr,nr,nr,nr,21,nr,nr,nr,17,nr,nr,
17-03-2024,3,nr,4,9,nr,6,23,5,31,nr,nr,nr,nr,nr,25,nr,nr,7,nr,nr,nr,21,nr,11,nr,3,25,25,nr,nr,nr,nr,nr,9,nr,nr,nr,13,nr,nr,
17-03-2024,4,nr,8,3,nr,8,27,8,31,nr,nr,nr,nr,nr,17,nr,nr,6,nr,nr,nr,13,nr,4,nr,3,17,24,nr,nr,nr,nr,nr,10,nr,nr,nr,15,nr,nr,
17-03-2024,5,nr,5,nr,nr,9,23,10,30,nr,nr,nr,nr,nr,22,nr,nr,11,nr,nr,nr,16,nr,8,nr,15,20,17,nr,nr,nr,nr,nr,17,nr,nr,nr,18,nr,nr,
17-03-2024,6,nr,8,7,nr,13,18,9,31,nr,nr,nr,nr,nr,18,16,nr,11,nr,nr,nr,19,nr,7,nr,16,22,17,nr,nr,nr,nr,nr,12,nr,nr,nr,17,nr,nr,
17-03-2024,7,nr,4,8,nr,12,30,11,33,nr,nr,nr,nr,nr,24,13,nr,10,nr,nr,nr,31,nr,5,nr,13,16,22,nr,nr,nr,nr,nr,14,nr,nr,nr,20,nr,nr,
17-03-2024,8,nr,8,30,nr,15,32,13,34,nr,nr,nr,nr,nr,34,25,nr,10,nr,nr,nr,9,nr,7,25,17,15,29,nr,nr,nr,nr,nr,14,nr,nr,nr,21,nr,nr,
17-03-2024,9,nr,9,27,nr,18,31,17,45,nr,nr,nr,nr,nr,17,25,nr,5,nr,nr,nr,37,nr,8,32,11,22,36,nr,nr,nr,nr,nr,10,nr,nr,nr,27,nr,nr,
17-03-2024,10,nr,7,16,nr,26,34,12,33,nr,nr,nr,nr,nr,28,34,nr,4,nr,nr,nr,35,nr,9,33,16,34,38,nr,nr,nr,nr,nr,19,nr,nr,nr,24,nr,nr,
17-03-2024,11,nr,9,10,nr,42,27,18,33,nr,nr,nr,nr,nr,37,23,nr,8,nr,nr,nr,40,nr,13,34,13,36,24,nr,nr,nr,nr,nr,7,nr,nr,nr,38,nr,nr,
17-03-2024,12,nr,16,10,nr,31,23,23,24,nr,nr,nr,nr,nr,23,37,nr,10,nr,nr,nr,29,nr,22,27,27,31,19,nr,nr,nr,nr,nr,7,nr,nr,nr,36,nr,nr,
17-03-2024,13,nr,25,15,nr,27,24,31,19,nr,nr,nr,nr,nr,18,32,nr,13,nr,nr,nr,34,nr,19,18,29,22,20,nr,nr,nr,nr,nr,12,nr,nr,nr,27,nr,nr,
17-03-2024,14,nr,22,27,nr,27,27,24,18,nr,nr,nr,nr,nr,14,25,nr,4,nr,nr,nr,40,nr,16,11,29,25,17,nr,nr,nr,nr,nr,20,nr,nr,nr,19,nr,nr,
17-03-2024,15,nr,23,25,nr,29,15,22,22,nr,nr,nr,nr,nr,10,30,nr,18,nr,nr,nr,24,nr,8,20,23,18,23,nr,nr,nr,nr,nr,23,nr,nr,nr,24,nr,nr,
17-03-2024,16,nr,11,23,nr,22,20,20,24,nr,nr,nr,nr,nr,nr,24,nr,9,nr,nr,nr,24,nr,15,17,22,23,22,nr,nr,nr,nr,nr,9,nr,nr,nr,17,nr,nr,
17-03-2024,17,nr,14,17,nr,15,13,14,32,nr,nr,nr,nr,nr,nr,20,nr,17,nr,nr,nr,25,nr,15,19,13,nr,19,nr,nr,nr,nr,nr,27,nr,nr,nr,15,nr,nr,
17-03-2024,18,nr,12,16,nr,12,18,13,104,nr,nr,nr,nr,nr,29,21,nr,15,nr,nr,nr,14,nr,12,15,13,1,15,nr,nr,nr,nr,nr,11,nr,nr,nr,15,nr,nr,
17-03-2024,19,nr,8,16,nr,9,11,12,38,nr,nr,nr,nr,nr,17,8,nr,10,nr,nr,nr,11,nr,5,nr,12,21,13,nr,nr,nr,nr,nr,nr,nr,nr,nr,14,nr,nr,
17-03-2024,20,nr,9,15,nr,10,4,13,35,nr,nr,nr,nr,nr,20,9,nr,17,nr,nr,nr,11,nr,10,nr,10,14,19,nr,nr,nr,nr,nr,17,nr,nr,nr,13,nr,nr,
17-03-2024,21,nr,5,15,nr,7,2,12,35,nr,nr,nr,nr,nr,15,11,nr,12,nr,nr,nr,10,nr,8,nr,11,16,15,nr,nr,nr,nr,nr,12,nr,nr,nr,14,nr,nr,
17-03-2024,22,nr,5,12,nr,11,15,12,30,nr,nr,nr,nr,nr,21,10,nr,17,nr,nr,nr,13,nr,9,nr,6,21,17,nr,nr,nr,nr,nr,nr,nr,nr,nr,15,nr,nr,
17-03-2024,23,nr,10,20,nr,11,15,8,29,nr,nr,nr,nr,nr,19,11,nr,17,nr,nr,nr,9,nr,6,nr,9,16,14,nr,nr,nr,nr,nr,9,nr,nr,nr,17,nr,nr,
17-03-2024,24,nr,6,19,nr,11,14,14,33,nr,nr,nr,nr,nr,20,7,nr,17,nr,nr,nr,8,nr,8,nr,14,16,17,nr,nr,nr,nr,nr,8,nr,nr,nr,13,nr,nr,
18-03-2024,1,nr,11,nr,nr,9,13,nr,29,nr,nr,nr,nr,nr,nr,10,nr,8,nr,nr,nr,8,nr,11,nr,16,17,21,nr,nr,nr,nr,nr,12,nr,nr,nr,15,nr,nr,
18-03-2024,2,nr,8,30,nr,14,17,16,24,nr,nr,nr,nr,nr,12,7,nr,9,nr,nr,nr,12,nr,6,nr,10,17,18,nr,nr,nr,nr,nr,13,nr,nr,nr,15,nr,nr,
18-03-2024,3,nr,9,19,nr,13,15,18,21,nr,nr,nr,nr,nr,21,13,nr,8,nr,nr,nr,18,nr,1,nr,2,13,17,nr,nr,nr,nr,nr,16,nr,nr,nr,16,nr,nr,
18-03-2024,4,nr,9,22,nr,13,12,10,22,nr,nr,nr,nr,nr,16,15,nr,0,nr,nr,nr,7,nr,8,nr,18,15,21,nr,nr,nr,nr,nr,19,nr,nr,nr,17,nr,nr,
18-03-2024,5,nr,8,11,nr,12,22,11,27,nr,nr,nr,nr,nr,19,14,nr,2,nr,nr,nr,15,nr,5,nr,1,24,19,nr,nr,nr,nr,nr,14,nr,nr,nr,19,nr,nr,
18-03-2024,6,nr,7,4,nr,12,25,10,28,nr,nr,nr,nr,nr,29,14,nr,nr,nr,nr,nr,12,nr,5,nr,nr,16,21,nr,nr,nr,nr,nr,20,nr,nr,nr,15,nr,nr,
18-03-2024,7,nr,10,3,nr,12,22,15,33,nr,nr,nr,nr,nr,22,15,nr,2,nr,nr,nr,12,nr,13,nr,4,15,21,nr,nr,nr,nr,nr,13,nr,nr,nr,13,nr,nr,
18-03-2024,8,nr,8,6,nr,14,21,11,37,nr,nr,nr,nr,nr,32,12,nr,5,nr,nr,nr,25,nr,11,29,6,20,18,nr,nr,nr,nr,nr,13,nr,nr,nr,21,nr,nr,
18-03-2024,9,nr,17,13,nr,17,24,10,35,nr,nr,nr,nr,nr,20,16,nr,3,nr,nr,nr,38,nr,13,28,nr,56,23,nr,nr,nr,nr,nr,11,nr,nr,nr,19,nr,nr,
18-03-2024,10,nr,13,10,nr,19,26,7,45,nr,nr,nr,nr,nr,20,24,nr,8,nr,nr,nr,27,nr,17,33,13,39,21,nr,nr,nr,nr,nr,16,nr,nr,nr,26,nr,nr,
18-03-2024,11,nr,16,22,nr,34,34,19,33,nr,nr,nr,nr,nr,20,31,nr,11,nr,nr,nr,40,nr,8,21,25,34,21,nr,nr,nr,nr,nr,21,nr,nr,nr,31,nr,nr,
18-03-2024,12,nr,13,26,nr,34,29,21,34,nr,nr,nr,nr,nr,24,26,nr,1,nr,nr,nr,28,nr,4,22,nr,36,25,nr,nr,nr,nr,nr,20,nr,nr,nr,26,nr,nr,
18-03-2024,13,nr,17,28,nr,23,19,25,31,nr,nr,nr,nr,nr,21,20,nr,nr,nr,nr,nr,24,nr,16,13,26,18,20,nr,nr,nr,nr,nr,24,nr,nr,nr,19,nr,nr,
18-03-2024,14,nr,21,39,nr,18,18,14,18,nr,nr,nr,nr,nr,16,26,nr,2,nr,nr,nr,23,nr,23,13,10,22,16,nr,nr,nr,nr,nr,17,nr,nr,nr,17,nr,nr,
18-03-2024,15,nr,21,30,nr,18,24,15,18,nr,nr,nr,nr,nr,17,13,nr,13,nr,nr,nr,20,nr,17,18,16,22,18,nr,nr,nr,nr,nr,19,nr,nr,nr,18,nr,nr,
18-03-2024,16,nr,13,13,nr,8,10,12,15,nr,nr,nr,nr,nr,15,29,nr,10,nr,nr,nr,21,nr,21,20,16,24,24,nr,nr,nr,nr,nr,22,nr,nr,nr,17,nr,nr,
18-03-2024,17,nr,13,19,nr,nr,9,10,50,nr,nr,nr,nr,nr,21,16,nr,nr,nr,nr,nr,1,nr,20,7,16,21,21,nr,nr,nr,nr,nr,21,nr,nr,nr,nr,nr,nr,
18-03-2024,18,nr,16,21,nr,nr,8,8,53,nr,nr,nr,nr,nr,9,3,nr,4,nr,nr,nr,3,nr,16,7,12,23,12,nr,nr,nr,nr,nr,nr,nr,nr,nr,nr,nr,nr,
18-03-2024,19,nr,13,19,nr,0,3,14,40,nr,nr,nr,nr,nr,12,nr,nr,12,nr,nr,nr,5,nr,20,nr,16,22,7,nr,nr,nr,nr,nr,15,nr,nr,nr,nr,nr,nr,
18-03-2024,20,nr,11,24,nr,10,2,21,57,nr,nr,nr,nr,nr,21,2,nr,13,nr,nr,nr,10,nr,15,nr,13,nr,18,nr,nr,nr,nr,nr,23,nr,nr,nr,18,nr,nr,
18-03-2024,21,nr,10,15,nr,11,18,18,64,nr,nr,nr,nr,nr,30,17,nr,28,nr,nr,nr,15,nr,11,nr,11,1,24,nr,nr,nr,nr,nr,nr,nr,nr,nr,9,nr,nr,
18-03-2024,22,nr,11,20,nr,25,25,16,51,nr,nr,nr,nr,nr,31,25,nr,15,nr,nr,nr,25,nr,12,nr,23,26,27,nr,nr,nr,nr,nr,29,nr,nr,nr,18,nr,nr,
18-03-2024,23,nr,18,17,nr,31,28,37,31,nr,nr,nr,nr,nr,31,23,nr,36,nr,nr,nr,27,nr,14,nr,30,63,23,nr,nr,nr,nr,nr,20,nr,nr,nr,27,nr,nr,
18-03-2024,24,nr,21,26,nr,23,27,36,30,nr,nr,nr,nr,nr,29,20,nr,15,nr,nr,nr,28,nr,29,nr,26,71,25,nr,nr,nr,nr,nr,16,nr,nr,nr,27,nr,nr,
19-03-2024,1,nr,19,nr,nr,26,22,nr,25,nr,nr,nr,nr,nr,nr,16,nr,19,nr,nr,nr,29,nr,25,nr,22,32,25,nr,nr,nr,nr,nr,33,nr,nr,nr,28,nr,nr,
19-03-2024,2,nr,22,40,nr,27,24,25,23,nr,nr,nr,nr,nr,24,14,nr,20,nr,nr,nr,22,nr,23,nr,19,24,21,nr,nr,nr,nr,nr,18,nr,nr,nr,23,nr,nr,
19-03-2024,3,nr,23,29,nr,27,23,47,26,nr,nr,nr,nr,nr,24,10,nr,19,nr,nr,nr,22,nr,22,nr,24,25,14,nr,nr,nr,nr,nr,24,nr,nr,nr,20,nr,nr,
19-03-2024,4,nr,17,21,nr,26,29,30,21,nr,nr,nr,nr,nr,19,14,nr,25,nr,nr,nr,19,nr,21,nr,34,23,19,nr,nr,nr,nr,nr,31,nr,nr,nr,25,nr,nr,
19-03-2024,5,nr,22,20,nr,24,31,27,25,nr,nr,nr,nr,nr,17,14,nr,32,nr,nr,nr,28,nr,24,nr,30,25,14,nr,nr,nr,nr,nr,22,nr,nr,nr,20,nr,nr,
19-03-2024,6,nr,23,17,nr,27,24,31,22,nr,nr,nr,nr,nr,15,9,nr,21,nr,nr,nr,23,nr,28,nr,nr,22,18,nr,nr,nr,nr,nr,24,nr,nr,nr,24,nr,nr,
19-03-2024,7,nr,19,16,nr,30,16,24,36,nr,nr,nr,nr,nr,17,11,nr,15,nr,nr,nr,18,nr,25,nr,21,20,6,nr,nr,nr,nr,nr,8,nr,nr,nr,21,nr,nr,
19-03-2024,8,nr,21,20,nr,28,16,nr,34,nr,nr,nr,nr,nr,6,6,nr,19,nr,nr,nr,13,nr,29,nr,24,13,5,nr,nr,nr,nr,nr,7,nr,nr,nr,12,nr,nr,
19-03-2024,9,nr,24,25,nr,28,14,26,54,nr,nr,nr,nr,nr,9,7,nr,15,nr,nr,nr,18,nr,27,15,26,13,7,nr,nr,nr,nr,nr,9,nr,nr,nr,4,nr,nr,
19-03-2024,10,nr,25,26,nr,19,16,29,55,nr,nr,nr,nr,nr,8,14,nr,18,nr,nr,nr,17,nr,31,23,31,17,13,nr,nr,nr,nr,nr,6,nr,nr,nr,11,nr,nr,
19-03-2024,11,nr,31,26,nr,24,31,26,30,nr,nr,nr,nr,nr,12,21,nr,46,nr,nr,nr,31,nr,30,24,30,34,22,nr,nr,nr,nr,nr,26,nr,nr,nr,25,nr,nr,
19-03-2024,12,nr,33,19,nr,38,41,49,27,nr,nr,nr,nr,nr,20,33,nr,44,nr,nr,nr,39,nr,40,32,48,51,40,nr,nr,nr,nr,nr,nr,nr,nr,nr,34,nr,nr,
19-03-2024,13,nr,22,20,nr,39,35,31,16,nr,nr,nr,nr,nr,27,33,nr,38,nr,nr,nr,29,nr,39,34,43,42,nr,nr,nr,nr,nr,nr,nr,nr,nr,nr,32,nr,nr,
19-03-2024,14,nr,17,33,nr,27,19,20,19,nr,nr,nr,nr,nr,19,22,nr,14,nr,nr,nr,21,nr,28,20,17,27,nr,nr,nr,nr,nr,nr,nr,nr,nr,nr,16,nr,nr,
19-03-2024,15,nr,15,26,nr,23,21,16,8,nr,nr,nr,nr,nr,13,31,nr,25,nr,nr,nr,27,nr,27,18,17,20,nr,nr,nr,nr,nr,nr,nr,nr,nr,nr,20,nr,nr,
19-03-2024,16,nr,18,27,nr,26,32,26,11,nr,nr,nr,nr,nr,14,27,nr,25,nr,nr,nr,28,nr,20,20,30,22,nr,nr,nr,nr,nr,nr,nr,nr,nr,nr,17,nr,nr,
19-03-2024,17,nr,25,26,nr,28,30,22,18,nr,nr,nr,nr,nr,25,30,nr,29,nr,nr,nr,27,nr,18,16,22,26,nr,nr,nr,nr,nr,nr,nr,nr,nr,nr,26,nr,nr,
19-03-2024,18,nr,22,25,nr,25,29,24,20,nr,nr,nr,nr,nr,28,23,nr,12,nr,nr,nr,24,nr,15,23,23,nr,34,nr,nr,nr,nr,nr,nr,nr,nr,nr,24,nr,nr,
19-03-2024,19,nr,26,27,nr,29,25,24,38,nr,nr,nr,nr,nr,22,24,nr,25,nr,nr,nr,39,nr,15,nr,20,nr,20,nr,nr,nr,nr,nr,nr,nr,nr,nr,29,nr,nr,
19-03-2024,20,nr,22,24,nr,34,21,32,26,nr,nr,nr,nr,nr,33,nr,nr,14,nr,nr,nr,28,nr,23,nr,25,nr,24,nr,nr,nr,nr,nr,nr,nr,nr,nr,26,nr,nr,
19-03-2024,21,nr,24,28,nr,23,21,32,23,nr,nr,nr,nr,nr,29,nr,nr,19,nr,nr,nr,29,nr,22,nr,22,nr,29,nr,nr,nr,nr,nr,nr,nr,nr,nr,25,nr,nr,
19-03-2024,22,nr,14,29,nr,26,30,25,24,nr,nr,nr,nr,nr,24,nr,nr,14,nr,nr,nr,25,nr,19,nr,29,31,21,nr,nr,nr,nr,nr,nr,nr,nr,nr,24,nr,nr,
19-03-2024,23,nr,19,24,nr,24,19,21,27,nr,nr,nr,nr,nr,27,nr,nr,14,nr,nr,nr,28,nr,20,nr,12,25,26,nr,nr,nr,nr,nr,nr,nr,nr,nr,21,nr,nr,
19-03-2024,24,nr,14,25,nr,21,15,26,30,nr,nr,nr,nr,nr,23,15,nr,6,nr,nr,nr,25,nr,18,nr,18,25,24,nr,nr,nr,nr,nr,nr,nr,nr,nr,21,nr,nr,
20-03-2024,1,nr,15,nr,nr,24,24,nr,21,nr,nr,nr,nr,nr,nr,13,nr,16,nr,nr,nr,19,nr,20,nr,21,24,20,nr,nr,nr,nr,nr,nr,nr,nr,nr,22,nr,nr,
20-03-2024,2,nr,13,18,nr,20,29,18,26,nr,nr,nr,nr,nr,21,20,nr,14,nr,nr,nr,19,nr,13,nr,17,20,22,nr,nr,nr,nr,nr,nr,nr,nr,nr,23,nr,nr,
20-03-2024,3,nr,11,17,nr,24,39,24,20,nr,nr,nr,nr,nr,23,19,nr,18,nr,nr,nr,29,nr,15,nr,7,22,21,nr,nr,nr,nr,nr,nr,nr,nr,nr,23,nr,nr,
20-03-2024,4,nr,9,15,nr,24,30,20,18,nr,nr,nr,nr,nr,22,9,nr,14,nr,nr,nr,25,nr,10,nr,15,19,23,nr,nr,nr,nr,nr,nr,nr,nr,nr,26,nr,nr,
20-03-2024,5,nr,12,19,nr,22,26,20,19,nr,nr,nr,nr,nr,17,10,nr,15,nr,nr,nr,23,nr,10,nr,19,17,23,nr,nr,nr,nr,nr,nr,nr,nr,nr,18,nr,nr,
20-03-2024,6,nr,13,13,nr,25,26,25,21,nr,nr,nr,nr,nr,16,5,nr,7,nr,nr,nr,22,nr,11,nr,10,16,20,nr,nr,nr,nr,nr,nr,nr,nr,nr,19,nr,nr,
20-03-2024,7,nr,15,19,nr,20,36,21,23,nr,nr,nr,nr,nr,20,15,nr,11,nr,nr,nr,31,nr,11,nr,21,26,23,nr,nr,nr,nr,nr,nr,nr,nr,nr,20,nr,nr,
20-03-2024,8,nr,20,13,nr,24,42,22,21,nr,nr,nr,nr,nr,21,13,nr,17,nr,nr,nr,23,nr,6,20,11,43,27,nr,nr,nr,nr,nr,nr,nr,nr,nr,19,nr,nr,
20-03-2024,9,nr,25,14,nr,24,35,17,30,nr,nr,nr,nr,nr,20,19,nr,14,nr,nr,nr,25,nr,10,22,14,69,30,nr,nr,nr,nr,nr,nr,nr,nr,nr,24,nr,nr,
20-03-2024,10,nr,25,8,nr,24,33,20,24,nr,nr,nr,nr,nr,12,16,nr,11,nr,nr,nr,27,nr,8,22,18,89,35,nr,nr,nr,nr,nr,nr,nr,nr,nr,22,nr,nr,
20-03-2024,11,nr,24,12,nr,18,38,25,18,nr,nr,nr,nr,nr,23,29,nr,12,nr,nr,nr,28,nr,21,25,21,50,17,nr,nr,nr,nr,nr,nr,nr,nr,nr,24,nr,nr,
20-03-2024,12,nr,29,23,nr,32,34,26,25,nr,nr,nr,nr,nr,23,25,nr,nr,nr,nr,nr,33,nr,23,48,31,33,19,nr,nr,nr,nr,nr,nr,nr,nr,nr,33,nr,nr,
20-03-2024,13,nr,31,29,nr,34,21,62,16,nr,nr,nr,nr,nr,21,24,nr,nr,nr,nr,nr,34,nr,24,26,33,36,24,nr,nr,nr,nr,nr,nr,nr,nr,nr,34,nr,nr,
20-03-2024,14,nr,27,19,nr,nr,21,35,19,nr,nr,nr,nr,nr,21,26,nr,nr,nr,nr,nr,22,nr,14,34,20,40,18,nr,nr,nr,nr,nr,nr,nr,nr,nr,36,nr,nr,
20-03-2024,15,nr,20,18,nr,nr,23,21,21,nr,nr,nr,nr,nr,24,32,nr,nr,nr,nr,nr,34,nr,12,25,26,34,26,nr,nr,nr,nr,nr,nr,nr,nr,nr,32,nr,nr,
20-03-2024,16,nr,15,18,nr,nr,29,18,23,nr,nr,nr,nr,nr,26,29,nr,44,nr,nr,nr,28,nr,13,21,22,26,27,nr,nr,nr,nr,nr,nr,nr,nr,nr,24,nr,nr,
20-03-2024,17,nr,16,23,nr,nr,25,24,21,nr,nr,nr,nr,nr,33,21,nr,13,nr,nr,nr,25,nr,14,19,21,29,27,nr,nr,nr,nr,nr,nr,nr,nr,nr,19,nr,nr,
20-03-2024,18,nr,15,18,nr,13,16,21,21,nr,nr,nr,nr,nr,18,13,nr,12,nr,nr,nr,21,nr,15,19,25,26,14,nr,nr,nr,nr,nr,nr,nr,nr,nr,19,nr,nr,
20-03-2024,19,nr,13,17,nr,19,20,17,24,nr,nr,nr,nr,nr,21,12,nr,15,nr,nr,nr,18,nr,21,nr,17,25,31,nr,nr,nr,nr,nr,nr,nr,nr,nr,17,nr,nr,
20-03-2024,20,nr,10,14,nr,14,20,20,18,nr,nr,nr,nr,nr,27,19,nr,17,nr,nr,nr,19,nr,15,nr,12,19,22,nr,nr,nr,nr,nr,nr,nr,nr,nr,14,nr,nr,
20-03-2024,21,nr,15,17,nr,8,17,18,20,nr,nr,nr,nr,nr,19,14,nr,7,nr,nr,nr,16,nr,13,nr,14,30,21,nr,nr,nr,nr,nr,nr,nr,nr,nr,11,nr,nr,
20-03-2024,22,nr,15,15,nr,10,13,14,22,nr,nr,nr,nr,nr,25,13,nr,10,nr,nr,nr,12,nr,9,nr,10,16,15,nr,nr,nr,nr,nr,nr,nr,nr,nr,13,nr,nr,
20-03-2024,23,nr,8,14,nr,9,20,19,25,nr,nr,nr,nr,nr,21,10,nr,12,nr,nr,nr,19,nr,9,nr,18,16,19,nr,nr,nr,nr,nr,nr,nr,nr,nr,15,nr,nr,
20-03-2024,24,nr,15,23,nr,9,17,17,24,nr,nr,nr,nr,nr,16,8,nr,5,nr,nr,nr,15,nr,10,nr,13,21,16,nr,nr,nr,nr,nr,nr,nr,nr,nr,21,nr,nr,
21-03-2024,1,nr,9,nr,nr,14,21,nr,33,nr,nr,nr,nr,nr,nr,15,nr,13,nr,nr,nr,16,nr,10,nr,18,21,17,nr,nr,nr,nr,nr,nr,nr,nr,nr,18,nr,nr,
21-03-2024,2,nr,13,11,nr,15,18,10,28,nr,nr,nr,nr,nr,32,15,nr,9,nr,nr,nr,19,nr,10,nr,6,22,17,nr,nr,nr,nr,nr,3,nr,nr,nr,21,nr,nr,
21-03-2024,3,nr,10,8,nr,16,19,15,24,nr,nr,nr,nr,nr,27,21,nr,10,nr,nr,nr,20,nr,6,nr,nr,18,16,nr,nr,nr,nr,nr,16,nr,nr,nr,22,nr,nr,
21-03-2024,4,nr,9,14,nr,12,17,14,21,nr,nr,nr,nr,nr,20,24,nr,nr,nr,nr,nr,31,nr,12,nr,9,14,21,nr,nr,nr,nr,nr,18,nr,nr,nr,14,nr,nr,
21-03-2024,5,nr,12,12,nr,15,28,16,20,nr,nr,nr,nr,nr,18,16,nr,11,nr,nr,nr,25,nr,9,nr,8,14,26,nr,nr,nr,nr,nr,23,nr,nr,nr,19,nr,nr,
21-03-2024,6,nr,10,12,nr,15,31,18,22,nr,nr,nr,nr,nr,21,9,nr,14,nr,nr,nr,18,nr,7,nr,5,14,21,nr,nr,nr,nr,nr,17,nr,nr,nr,23,nr,nr,
21-03-2024,7,nr,12,7,nr,16,23,18,28,nr,nr,nr,nr,nr,20,12,nr,16,nr,nr,nr,18,nr,6,nr,15,17,27,nr,nr,nr,nr,nr,11,nr,nr,nr,15,nr,nr,
21-03-2024,8,nr,8,6,nr,21,31,18,26,nr,nr,nr,nr,nr,29,17,nr,13,nr,nr,nr,nr,nr,7,20,16,17,36,nr,nr,nr,nr,nr,19,nr,nr,nr,18,nr,nr,
21-03-2024,9,nr,8,7,nr,23,35,16,44,nr,nr,nr,nr,nr,13,13,nr,5,nr,nr,nr,13,nr,8,28,19,28,44,nr,nr,nr,nr,nr,21,nr,nr,nr,23,nr,nr,
21-03-2024,10,nr,13,7,nr,22,30,16,38,nr,nr,nr,nr,nr,24,25,nr,12,nr,nr,nr,28,nr,14,18,17,21,34,nr,nr,nr,nr,nr,22,nr,nr,nr,23,nr,nr,
21-03-2024,11,nr,11,10,nr,23,25,18,14,nr,nr,nr,nr,nr,21,33,nr,12,nr,nr,nr,35,nr,8,19,13,22,28,nr,nr,nr,nr,nr,32,nr,nr,nr,25,nr,nr,
21-03-2024,12,nr,14,7,nr,30,22,22,nr,nr,nr,nr,nr,nr,18,18,nr,9,nr,nr,nr,31,nr,5,15,17,18,21,nr,nr,nr,nr,nr,16,nr,nr,nr,20,nr,nr,
21-03-2024,13,nr,14,18,nr,16,14,16,39,nr,nr,nr,nr,nr,17,36,nr,12,nr,nr,nr,25,nr,3,nr,21,15,28,nr,nr,nr,nr,nr,12,nr,nr,nr,12,nr,nr,
21-03-2024,14,nr,7,28,nr,11,9,20,24,nr,nr,nr,nr,nr,12,29,nr,3,nr,nr,nr,34,nr,18,nr,20,13,21,nr,nr,nr,nr,nr,34,nr,nr,nr,15,nr,nr,
21-03-2024,15,nr,9,19,nr,17,15,14,23,nr,nr,nr,nr,nr,8,25,nr,4,nr,nr,nr,15,nr,12,nr,15,17,19,nr,nr,nr,nr,nr,15,nr,nr,nr,15,nr,nr,
21-03-2024,16,nr,10,19,nr,15,17,13,35,nr,nr,nr,nr,nr,13,15,nr,19,nr,nr,nr,22,nr,16,nr,10,29,19,nr,nr,nr,nr,nr,16,nr,nr,nr,21,nr,nr,
21-03-2024,17,nr,19,21,nr,nr,14,16,31,nr,nr,nr,nr,nr,17,28,nr,8,nr,nr,nr,24,nr,22,nr,11,30,21,nr,nr,nr,nr,nr,26,nr,nr,nr,26,nr,nr,
21-03-2024,18,nr,24,20,nr,nr,12,22,31,nr,nr,nr,nr,nr,27,18,nr,14,nr,nr,nr,24,nr,20,nr,10,27,23,nr,nr,nr,nr,nr,20,nr,nr,nr,20,nr,nr,
21-03-2024,19,nr,17,23,nr,nr,19,20,31,nr,nr,nr,nr,nr,26,17,nr,19,nr,nr,nr,28,nr,18,nr,12,27,18,nr,nr,nr,nr,nr,23,nr,nr,nr,15,nr,nr,
21-03-2024,20,nr,14,17,nr,0,20,20,26,nr,nr,nr,nr,nr,22,28,nr,33,nr,nr,nr,16,nr,14,nr,10,21,14,nr,nr,nr,nr,nr,17,nr,nr,nr,17,nr,nr,
21-03-2024,21,nr,17,16,nr,19,26,23,26,nr,nr,nr,nr,nr,20,14,nr,64,nr,nr,nr,22,nr,14,nr,nr,19,12,nr,nr,nr,nr,nr,21,nr,nr,nr,17,nr,nr,
21-03-2024,22,nr,10,18,nr,18,23,20,27,nr,nr,nr,nr,nr,20,17,nr,37,nr,nr,nr,24,nr,11,nr,18,21,22,nr,nr,nr,nr,nr,14,nr,nr,nr,18,nr,nr,
21-03-2024,23,nr,10,30,nr,20,22,17,28,nr,nr,nr,nr,nr,24,20,nr,27,nr,nr,nr,22,nr,7,nr,19,23,26,nr,nr,nr,nr,nr,13,nr,nr,nr,22,nr,nr,
21-03-2024,24,nr,5,25,nr,22,30,18,29,nr,nr,nr,nr,nr,33,24,nr,21,nr,nr,nr,25,nr,4,nr,18,21,27,nr,nr,nr,nr,nr,27,nr,nr,nr,19,nr,nr,
22-03-2024,1,nr,4,nr,nr,30,24,nr,28,nr,nr,nr,nr,nr,nr,15,nr,15,nr,nr,nr,25,nr,5,nr,2,21,23,nr,nr,nr,nr,nr,21,nr,nr,nr,17,nr,nr,
22-03-2024,2,nr,1,20,nr,18,25,14,23,nr,nr,nr,nr,nr,28,11,nr,11,nr,nr,nr,20,nr,8,nr,nr,21,19,nr,nr,nr,nr,nr,30,nr,nr,nr,29,nr,nr,
22-03-2024,3,nr,3,51,nr,20,31,15,32,nr,nr,nr,nr,nr,29,5,nr,8,nr,nr,nr,21,nr,4,nr,14,16,22,nr,nr,nr,nr,nr,18,nr,nr,nr,38,nr,nr,
22-03-2024,4,nr,3,76,nr,22,29,24,19,nr,nr,nr,nr,nr,28,21,nr,9,nr,nr,nr,26,nr,2,nr,8,15,23,nr,nr,nr,nr,nr,20,nr,nr,nr,21,nr,nr,
22-03-2024,5,nr,5,56,nr,22,41,23,20,nr,nr,nr,nr,nr,22,24,nr,10,nr,nr,nr,18,nr,10,nr,14,17,20,nr,nr,nr,nr,nr,17,nr,nr,nr,21,nr,nr,
22-03-2024,6,nr,6,80,nr,20,53,30,21,nr,nr,nr,nr,nr,35,27,nr,14,nr,nr,nr,34,nr,8,nr,16,23,19,nr,nr,nr,nr,nr,9,nr,nr,nr,25,nr,nr,
22-03-2024,7,nr,6,89,nr,19,22,22,17,nr,nr,nr,nr,nr,40,27,nr,9,nr,nr,nr,25,nr,8,nr,7,26,29,nr,nr,nr,nr,nr,12,nr,nr,nr,23,nr,nr,
22-03-2024,8,nr,5,79,nr,24,27,20,29,nr,nr,nr,nr,nr,29,17,nr,9,nr,nr,nr,25,nr,12,nr,8,22,34,nr,nr,nr,nr,nr,16,nr,nr,nr,26,nr,nr,
22-03-2024,9,nr,8,69,nr,26,33,25,47,nr,nr,nr,nr,nr,21,19,nr,12,nr,nr,nr,27,nr,10,nr,18,40,22,nr,nr,nr,nr,nr,20,nr,nr,nr,31,nr,nr,
22-03-2024,10,nr,9,52,nr,20,26,22,37,nr,nr,nr,nr,nr,28,33,nr,8,nr,nr,nr,36,nr,6,72,25,38,26,nr,nr,nr,nr,nr,27,nr,nr,nr,28,nr,nr,
22-03-2024,11,nr,15,12,nr,22,21,17,15,nr,nr,nr,nr,nr,20,41,nr,6,nr,nr,nr,22,nr,7,18,nr,16,19,nr,nr,nr,nr,nr,28,nr,nr,nr,17,nr,nr,
22-03-2024,12,nr,nr,9,nr,18,nr,17,11,nr,nr,nr,nr,nr,19,34,nr,9,nr,nr,nr,15,nr,nr,50,19,12,22,nr,nr,nr,nr,nr,12,nr,nr,nr,14,nr,nr,
22-03-2024,13,nr,nr,3,nr,14,nr,8,8,nr,nr,nr,nr,nr,10,nr,nr,9,nr,nr,nr,5,nr,nr,20,5,11,17,nr,nr,nr,nr,nr,9,nr,nr,nr,11,nr,nr,
22-03-2024,14,nr,nr,24,nr,16,nr,13,2,nr,nr,nr,nr,nr,7,14,nr,8,nr,nr,nr,8,nr,nr,27,nr,16,13,nr,nr,nr,nr,nr,23,nr,nr,nr,14,nr,nr,
22-03-2024,15,nr,8,29,nr,23,nr,17,14,nr,nr,nr,nr,nr,10,31,nr,20,nr,nr,nr,17,nr,nr,29,13,24,nr,nr,nr,nr,nr,nr,20,nr,nr,nr,18,nr,nr,
22-03-2024,16,nr,14,16,nr,17,nr,15,12,nr,nr,nr,nr,nr,12,19,nr,12,nr,nr,nr,12,nr,nr,22,10,57,nr,nr,nr,nr,nr,nr,25,nr,nr,nr,18,nr,nr,
22-03-2024,17,nr,22,20,nr,19,9,12,19,nr,nr,nr,nr,nr,15,11,nr,12,nr,nr,nr,19,nr,26,20,17,31,22,nr,nr,nr,nr,nr,16,nr,nr,nr,22,nr,nr,
22-03-2024,18,nr,16,13,nr,19,17,24,45,nr,nr,nr,nr,nr,15,17,nr,2,nr,nr,nr,23,nr,16,21,23,30,21,nr,nr,nr,nr,nr,27,nr,nr,nr,23,nr,nr,
22-03-2024,19,nr,15,14,nr,15,12,27,28,nr,nr,nr,nr,nr,17,22,nr,11,nr,nr,nr,17,nr,16,nr,26,25,21,nr,nr,nr,nr,nr,40,nr,nr,nr,30,nr,nr,
22-03-2024,20,nr,23,7,nr,16,8,27,21,nr,nr,nr,nr,nr,22,3,nr,11,nr,nr,nr,16,nr,24,nr,12,25,nr,nr,nr,nr,nr,nr,45,nr,nr,nr,16,nr,nr,
22-03-2024,21,nr,9,14,nr,17,nr,18,21,nr,nr,nr,nr,nr,16,10,nr,nr,nr,nr,nr,22,nr,8,nr,15,18,19,nr,nr,nr,nr,nr,25,nr,nr,nr,14,nr,nr,
22-03-2024,22,nr,8,20,nr,17,22,32,27,nr,nr,nr,nr,nr,17,24,nr,13,nr,nr,nr,17,nr,16,nr,13,16,20,nr,nr,nr,nr,nr,27,nr,nr,nr,25,nr,nr,
22-03-2024,23,nr,13,32,nr,16,31,25,23,nr,nr,nr,nr,nr,20,11,nr,15,nr,nr,nr,22,nr,7,nr,nr,23,11,nr,nr,nr,nr,nr,26,nr,nr,nr,25,nr,nr,
22-03-2024,24,nr,11,64,nr,20,38,23,28,nr,nr,nr,nr,nr,28,24,nr,16,nr,nr,nr,28,nr,14,nr,12,23,28,nr,nr,nr,nr,nr,17,nr,nr,nr,22,nr,nr,
23-03-2024,1,nr,15,nr,nr,18,43,nr,19,nr,nr,nr,nr,nr,nr,38,nr,15,nr,nr,nr,24,nr,18,nr,24,19,20,nr,nr,nr,nr,nr,49,nr,nr,nr,24,nr,nr,
23-03-2024,2,nr,18,17,nr,25,33,27,24,nr,nr,nr,nr,nr,30,28,nr,11,nr,nr,nr,36,nr,5,nr,23,20,19,nr,nr,nr,nr,nr,49,nr,nr,nr,29,nr,nr,
23-03-2024,3,nr,20,28,nr,20,25,22,19,nr,nr,nr,nr,nr,27,35,nr,6,nr,nr,nr,17,nr,6,nr,25,22,28,nr,nr,nr,nr,nr,14,nr,nr,nr,26,nr,nr,
23-03-2024,4,nr,18,36,nr,22,34,23,24,nr,nr,nr,nr,nr,32,21,nr,12,nr,nr,nr,22,nr,18,nr,26,32,26,nr,nr,nr,nr,nr,16,nr,nr,nr,23,nr,nr,
23-03-2024,5,nr,16,42,nr,23,29,22,27,nr,nr,nr,nr,nr,25,17,nr,17,nr,nr,nr,20,nr,16,nr,13,52,28,nr,nr,nr,nr,nr,24,nr,nr,nr,29,nr,nr,
23-03-2024,6,nr,13,55,nr,23,33,24,24,nr,nr,nr,nr,nr,29,19,nr,13,nr,nr,nr,21,nr,6,nr,20,34,49,nr,nr,nr,nr,nr,18,nr,nr,nr,39,nr,nr,
23-03-2024,7,nr,19,54,nr,30,32,25,28,nr,nr,nr,nr,nr,47,19,nr,9,nr,nr,nr,26,nr,16,nr,22,37,32,nr,nr,nr,nr,nr,25,nr,nr,nr,31,nr,nr,
23-03-2024,8,nr,18,49,nr,25,40,22,32,nr,nr,nr,nr,nr,46,22,nr,9,nr,nr,nr,33,nr,19,43,14,nr,28,nr,nr,nr,nr,nr,24,nr,nr,nr,34,nr,nr,
23-03-2024,9,nr,23,31,nr,33,33,16,47,nr,nr,nr,nr,nr,38,32,nr,12,nr,nr,nr,36,nr,20,46,18,nr,33,nr,nr,nr,nr,nr,30,nr,nr,nr,39,nr,nr,
23-03-2024,10,nr,25,28,nr,44,39,27,51,nr,nr,nr,nr,nr,28,45,nr,14,nr,nr,nr,44,nr,25,37,35,3,36,nr,nr,nr,nr,nr,42,nr,nr,nr,41,nr,nr,
23-03-2024,11,nr,39,11,nr,47,48,46,43,nr,nr,nr,nr,nr,39,46,nr,5,nr,nr,nr,54,nr,35,68,41,58,41,nr,nr,nr,nr,nr,41,nr,nr,nr,53,nr,nr,
23-03-2024,12,nr,48,8,nr,58,45,48,31,nr,nr,nr,nr,nr,37,46,nr,15,nr,nr,nr,54,nr,46,95,42,57,50,nr,nr,nr,nr,nr,40,nr,nr,nr,57,nr,nr,
23-03-2024,13,nr,55,6,nr,52,60,50,16,nr,nr,nr,nr,nr,37,55,nr,11,nr,nr,nr,60,nr,27,105,45,56,36,nr,nr,nr,nr,nr,50,nr,nr,nr,50,nr,nr,
23-03-2024,14,nr,53,16,nr,49,36,51,11,nr,nr,nr,nr,nr,22,38,nr,4,nr,nr,nr,53,nr,8,104,54,30,37,nr,nr,nr,nr,nr,41,nr,nr,nr,41,nr,nr,
23-03-2024,15,nr,46,15,nr,39,23,41,13,nr,nr,nr,nr,nr,19,34,nr,nr,nr,nr,nr,43,nr,11,60,45,32,29,nr,nr,nr,nr,nr,35,nr,nr,nr,28,nr,nr,
23-03-2024,16,nr,25,14,nr,37,41,27,13,nr,nr,nr,nr,nr,17,34,nr,19,nr,nr,nr,39,nr,17,42,32,87,27,nr,nr,nr,nr,nr,36,nr,nr,nr,30,nr,nr,
23-03-2024,17,nr,22,13,nr,29,35,27,17,nr,nr,nr,nr,nr,20,31,nr,19,nr,nr,nr,21,nr,16,15,24,39,11,nr,nr,nr,nr,nr,41,nr,nr,nr,26,nr,nr,
23-03-2024,18,nr,15,15,nr,25,20,20,19,nr,nr,nr,nr,nr,19,18,nr,14,nr,nr,nr,18,nr,19,21,25,25,21,nr,nr,nr,nr,nr,17,nr,nr,nr,17,nr,nr,
23-03-2024,19,nr,nr,13,nr,27,17,30,27,nr,nr,nr,nr,nr,22,22,nr,11,nr,nr,nr,18,nr,16,nr,21,24,20,nr,nr,nr,nr,nr,19,nr,nr,nr,20,nr,nr,
23-03-2024,20,nr,14,17,nr,16,16,18,23,nr,nr,nr,nr,nr,25,18,nr,12,nr,nr,nr,14,nr,21,nr,14,27,16,nr,nr,nr,nr,nr,12,nr,nr,nr,17,nr,nr,
23-03-2024,21,nr,nr,15,nr,15,31,23,21,nr,nr,nr,nr,nr,18,9,nr,13,nr,nr,nr,14,nr,21,nr,14,19,10,nr,nr,nr,nr,nr,12,nr,nr,nr,15,nr,nr,
23-03-2024,22,nr,5,15,nr,17,nr,18,21,nr,nr,nr,nr,nr,19,15,nr,14,nr,nr,nr,17,nr,13,nr,11,20,20,nr,nr,nr,nr,nr,9,nr,nr,nr,17,nr,nr,
23-03-2024,23,nr,15,9,nr,14,24,17,22,nr,nr,nr,nr,nr,19,12,nr,7,nr,nr,nr,10,nr,9,nr,12,23,21,nr,nr,nr,nr,nr,11,nr,nr,nr,18,nr,nr,
23-03-2024,24,nr,5,8,nr,10,26,19,31,nr,nr,nr,nr,nr,15,5,nr,1,nr,nr,nr,16,nr,8,nr,10,20,19,nr,nr,nr,nr,nr,15,nr,nr,nr,16,nr,nr,
24-03-2024,1,nr,6,nr,nr,19,16,nr,17,nr,nr,nr,nr,nr,nr,16,nr,2,nr,nr,nr,15,nr,10,nr,16,16,23,nr,nr,nr,nr,nr,8,nr,nr,nr,12,nr,nr,
24-03-2024,2,nr,3,10,nr,21,20,36,15,nr,nr,nr,nr,nr,20,19,nr,8,nr,nr,nr,17,nr,10,nr,3,12,27,nr,nr,nr,nr,nr,15,nr,nr,nr,11,nr,nr,
24-03-2024,3,nr,3,15,nr,12,13,14,12,nr,nr,nr,nr,nr,20,6,nr,12,nr,nr,nr,17,nr,11,nr,3,12,28,nr,nr,nr,nr,nr,19,nr,nr,nr,10,nr,nr,
24-03-2024,4,nr,1,11,nr,9,30,13,12,nr,nr,nr,nr,nr,20,7,nr,7,nr,nr,nr,16,nr,22,nr,5,8,28,nr,nr,nr,nr,nr,17,nr,nr,nr,6,nr,nr,
24-03-2024,5,nr,4,4,nr,6,32,5,12,nr,nr,nr,nr,nr,23,15,nr,5,nr,nr,nr,8,nr,9,nr,nr,4,19,nr,nr,nr,nr,nr,12,nr,nr,nr,1,nr,nr,
24-03-2024,6,nr,4,nr,nr,6,31,13,8,nr,nr,nr,nr,nr,12,6,nr,3,nr,nr,nr,9,nr,6,nr,9,7,13,nr,nr,nr,nr,nr,16,nr,nr,nr,5,nr,nr,
24-03-2024,7,nr,4,6,nr,9,15,15,9,nr,nr,nr,nr,nr,14,0,nr,6,nr,nr,nr,nr,nr,8,nr,6,7,13,nr,nr,nr,nr,nr,13,nr,nr,nr,9,nr,nr,
24-03-2024,8,nr,nr,nr,nr,16,18,6,3,nr,nr,nr,nr,nr,5,6,nr,nr,nr,nr,nr,4,nr,4,47,7,6,13,nr,nr,nr,nr,nr,12,nr,nr,nr,12,nr,nr,
24-03-2024,9,nr,nr,4,nr,15,11,7,4,nr,nr,nr,nr,nr,7,13,nr,17,nr,nr,nr,11,nr,5,25,8,9,13,nr,nr,nr,nr,nr,12,nr,nr,nr,7,nr,nr,
24-03-2024,10,nr,nr,4,nr,11,5,3,13,nr,nr,nr,nr,nr,nr,14,nr,36,nr,nr,nr,9,nr,4,36,7,11,9,nr,nr,nr,nr,nr,4,nr,nr,nr,8,nr,nr,
24-03-2024,11,nr,8,11,nr,3,7,13,24,nr,nr,nr,nr,nr,5,4,nr,18,nr,nr,nr,4,nr,10,14,9,18,8,nr,nr,nr,nr,nr,10,nr,nr,nr,10,nr,nr,
24-03-2024,12,nr,7,12,nr,10,11,7,20,nr,nr,nr,nr,nr,7,15,nr,31,nr,nr,nr,7,nr,14,17,12,61,nr,nr,nr,nr,nr,nr,9,nr,nr,nr,12,nr,nr,
24-03-2024,13,nr,7,12,nr,10,12,10,20,nr,nr,nr,nr,nr,11,nr,nr,22,nr,nr,nr,nr,nr,13,16,10,230,3,nr,nr,nr,nr,nr,19,nr,nr,nr,10,nr,nr,
24-03-2024,14,nr,6,21,nr,16,31,13,24,nr,nr,nr,nr,nr,23,13,nr,14,nr,nr,nr,12,nr,15,24,8,nr,15,nr,nr,nr,nr,nr,17,nr,nr,nr,18,nr,nr,
24-03-2024,15,nr,13,18,nr,30,35,18,101,nr,nr,nr,nr,nr,24,28,nr,22,nr,nr,nr,30,nr,19,27,11,nr,20,nr,nr,nr,nr,nr,42,nr,nr,nr,24,nr,nr,
24-03-2024,16,nr,66,14,nr,23,31,42,34,nr,nr,nr,nr,nr,51,11,nr,19,nr,nr,nr,29,nr,61,36,13,nr,28,nr,nr,nr,nr,nr,52,nr,nr,nr,16,nr,nr,
24-03-2024,17,nr,46,34,nr,24,33,48,25,nr,nr,nr,nr,nr,44,33,nr,23,nr,nr,nr,32,nr,55,26,27,nr,27,nr,nr,nr,nr,nr,18,nr,nr,nr,13,nr,nr,
24-03-2024,18,nr,10,21,nr,26,32,47,26,nr,nr,nr,nr,nr,27,35,nr,23,nr,nr,nr,25,nr,62,13,28,nr,22,nr,nr,nr,nr,nr,20,nr,nr,nr,15,nr,nr,
24-03-2024,19,nr,40,23,nr,27,19,55,31,nr,nr,nr,nr,nr,23,18,nr,24,nr,nr,nr,20,nr,101,nr,32,nr,18,nr,nr,nr,nr,nr,13,nr,nr,nr,19,nr,nr,
24-03-2024,20,nr,36,22,nr,41,28,109,27,nr,nr,nr,nr,nr,27,34,nr,36,nr,nr,nr,38,nr,88,nr,61,nr,30,nr,nr,nr,nr,nr,22,nr,nr,nr,22,nr,nr,
24-03-2024,21,nr,23,20,nr,38,22,62,24,nr,nr,nr,nr,nr,35,52,nr,30,nr,nr,nr,30,nr,54,nr,42,nr,30,nr,nr,nr,nr,nr,26,nr,nr,nr,18,nr,nr,
24-03-2024,22,nr,24,23,nr,26,47,30,17,nr,nr,nr,nr,nr,25,22,nr,32,nr,nr,nr,24,nr,50,nr,35,nr,22,nr,nr,nr,nr,nr,35,nr,nr,nr,16,nr,nr,
24-03-2024,23,nr,24,20,nr,24,61,27,14,nr,nr,nr,nr,nr,25,45,nr,28,nr,nr,nr,22,nr,24,nr,37,nr,22,nr,nr,nr,nr,nr,31,nr,nr,nr,15,nr,nr,
24-03-2024,24,nr,22,31,nr,20,41,48,12,nr,nr,nr,nr,nr,23,40,nr,20,nr,nr,nr,28,nr,33,nr,49,nr,19,nr,nr,nr,nr,nr,14,nr,nr,nr,18,nr,nr,
25-03-2024,1,nr,22,nr,nr,27,56,nr,11,nr,nr,nr,nr,nr,nr,14,nr,20,nr,nr,nr,20,nr,12,nr,30,nr,20,nr,nr,nr,nr,nr,32,nr,nr,nr,33,nr,nr,
25-03-2024,2,nr,19,18,nr,27,36,23,9,nr,nr,nr,nr,nr,16,11,nr,11,nr,nr,nr,30,nr,32,nr,18,nr,14,nr,nr,nr,nr,nr,23,nr,nr,nr,24,nr,nr,
25-03-2024,3,nr,24,13,nr,32,18,24,11,nr,nr,nr,nr,nr,19,23,nr,10,nr,nr,nr,41,nr,14,nr,24,nr,21,nr,nr,nr,nr,nr,14,nr,nr,nr,17,nr,nr,
25-03-2024,4,nr,12,22,nr,25,15,26,7,nr,nr,nr,nr,nr,20,13,nr,11,nr,nr,nr,10,nr,11,nr,32,nr,14,nr,nr,nr,nr,nr,25,nr,nr,nr,11,nr,nr,
25-03-2024,5,nr,6,24,nr,21,23,27,7,nr,nr,nr,nr,nr,17,16,nr,6,nr,nr,nr,21,nr,18,nr,16,nr,13,nr,nr,nr,nr,nr,22,nr,nr,nr,16,nr,nr,
25-03-2024,6,nr,10,16,nr,nr,20,25,10,nr,nr,nr,nr,nr,1,14,nr,nr,nr,nr,nr,25,nr,27,nr,22,nr,12,nr,nr,nr,nr,nr,23,nr,nr,nr,19,nr,nr,
25-03-2024,7,nr,8,21,nr,nr,22,24,9,nr,nr,nr,nr,nr,16,5,nr,5,nr,nr,nr,21,nr,26,nr,19,nr,13,nr,nr,nr,nr,nr,20,nr,nr,nr,17,nr,nr,
25-03-2024,8,nr,10,26,nr,nr,16,24,15,nr,nr,nr,nr,nr,11,7,nr,11,nr,nr,nr,23,nr,19,nr,15,nr,13,nr,nr,nr,nr,nr,11,nr,nr,nr,21,nr,nr,
25-03-2024,9,nr,9,12,nr,nr,37,16,15,nr,nr,nr,nr,nr,20,15,nr,28,nr,nr,nr,19,nr,18,20,13,nr,21,nr,nr,nr,nr,nr,21,nr,nr,nr,27,nr,nr,
25-03-2024,10,nr,19,9,nr,28,32,16,18,nr,nr,nr,nr,nr,20,25,nr,28,nr,nr,nr,38,nr,24,29,20,nr,22,nr,nr,nr,nr,nr,23,nr,nr,nr,26,nr,nr,
25-03-2024,11,nr,17,19,nr,23,28,28,17,nr,nr,nr,nr,nr,11,20,nr,20,nr,nr,nr,35,nr,26,15,21,nr,15,nr,nr,nr,nr,nr,18,nr,nr,nr,12,nr,nr,
25-03-2024,12,nr,20,32,nr,28,32,21,17,nr,nr,nr,nr,nr,8,19,nr,27,nr,nr,nr,31,nr,25,15,21,nr,13,nr,nr,nr,nr,nr,19,nr,nr,nr,8,nr,nr,
25-03-2024,13,nr,18,40,nr,13,30,21,30,nr,nr,nr,nr,nr,6,21,nr,38,nr,nr,nr,30,nr,36,15,22,nr,13,nr,nr,nr,nr,nr,22,nr,nr,nr,13,nr,nr,
25-03-2024,14,nr,27,42,nr,23,28,20,nr,nr,nr,nr,nr,nr,20,20,nr,29,nr,nr,nr,nr,nr,nr,31,20,nr,25,nr,nr,nr,nr,nr,20,nr,nr,nr,25,nr,nr,
25-03-2024,15,nr,32,34,nr,27,37,31,nr,nr,nr,nr,nr,nr,35,24,nr,31,nr,nr,nr,24,nr,nr,33,35,nr,40,nr,nr,nr,nr,nr,12,nr,nr,nr,28,nr,nr,
25-03-2024,16,nr,25,33,nr,21,40,34,49,nr,nr,nr,nr,nr,32,38,nr,33,nr,nr,nr,29,nr,nr,26,30,nr,36,nr,nr,nr,nr,nr,nr,nr,nr,nr,27,nr,nr,
25-03-2024,17,nr,23,38,nr,32,44,nr,43,nr,nr,nr,nr,nr,35,45,nr,44,nr,nr,nr,26,nr,30,27,33,nr,35,nr,nr,nr,nr,nr,nr,nr,nr,nr,25,nr,nr,
25-03-2024,18,nr,27,28,nr,41,43,nr,43,nr,nr,nr,nr,nr,39,34,nr,35,nr,nr,nr,42,nr,35,30,45,nr,42,nr,nr,nr,nr,nr,22,nr,nr,nr,27,nr,nr,
25-03-2024,19,nr,21,16,nr,35,40,nr,33,nr,nr,nr,nr,nr,37,28,nr,24,nr,nr,nr,36,nr,38,nr,34,nr,40,nr,nr,nr,nr,nr,24,nr,nr,nr,23,nr,nr,
25-03-2024,20,nr,33,23,nr,nr,22,nr,30,nr,nr,nr,nr,nr,32,24,nr,5,nr,nr,nr,25,nr,60,nr,30,nr,35,nr,nr,nr,nr,nr,9,nr,nr,nr,24,nr,nr,
25-03-2024,21,nr,27,24,nr,nr,7,nr,30,nr,nr,nr,nr,nr,31,12,nr,20,nr,nr,nr,27,nr,38,nr,27,nr,28,nr,nr,nr,nr,nr,24,nr,nr,nr,24,nr,nr,
25-03-2024,22,nr,32,28,nr,nr,17,nr,36,nr,nr,nr,nr,nr,32,25,nr,24,nr,nr,nr,27,nr,41,nr,25,nr,35,nr,nr,nr,nr,nr,11,nr,nr,nr,24,nr,nr,
25-03-2024,23,nr,28,nr,nr,0,24,nr,32,nr,nr,nr,nr,nr,37,17,nr,9,nr,nr,nr,19,nr,33,nr,25,nr,41,nr,nr,nr,nr,nr,11,nr,nr,nr,38,nr,nr,
25-03-2024,24,nr,27,33,nr,26,24,nr,27,nr,nr,nr,nr,nr,24,12,nr,1,nr,nr,nr,24,nr,91,nr,23,nr,25,nr,nr,nr,nr,nr,16,nr,nr,nr,42,nr,nr,
26-03-2024,1,nr,27,nr,nr,37,20,nr,21,nr,nr,nr,nr,nr,nr,25,nr,4,nr,nr,nr,21,nr,51,nr,nr,nr,24,nr,nr,nr,nr,nr,14,nr,nr,nr,42,nr,nr,
26-03-2024,2,nr,25,37,nr,41,23,nr,13,nr,nr,nr,nr,nr,47,33,nr,nr,nr,nr,nr,36,nr,80,nr,24,42,38,nr,nr,nr,nr,nr,18,nr,nr,nr,45,nr,nr,
26-03-2024,3,nr,25,23,nr,45,34,nr,11,nr,nr,nr,nr,nr,31,27,nr,7,nr,nr,nr,47,nr,72,nr,17,44,27,nr,nr,nr,nr,nr,29,nr,nr,nr,43,nr,nr,
26-03-2024,4,nr,24,21,nr,nr,40,nr,11,nr,nr,nr,nr,nr,27,21,nr,4,nr,nr,nr,41,nr,84,nr,nr,63,28,nr,nr,nr,nr,nr,34,nr,nr,nr,41,nr,nr,
26-03-2024,5,nr,21,27,nr,32,37,nr,21,nr,nr,nr,nr,nr,30,31,nr,13,nr,nr,nr,50,nr,129,nr,13,48,32,nr,nr,nr,nr,nr,29,nr,nr,nr,41,nr,nr,
26-03-2024,6,nr,18,31,nr,31,39,nr,24,nr,nr,nr,nr,nr,29,28,nr,5,nr,nr,nr,46,nr,128,nr,18,56,19,nr,nr,nr,nr,nr,31,nr,nr,nr,33,nr,nr,
26-03-2024,7,nr,20,29,nr,38,46,nr,22,nr,nr,nr,nr,nr,51,33,nr,3,nr,nr,nr,49,nr,74,nr,18,40,nr,nr,nr,nr,nr,nr,39,nr,nr,nr,43,nr,nr,
26-03-2024,8,nr,7,27,nr,38,64,nr,29,nr,nr,nr,nr,nr,36,35,nr,15,nr,nr,nr,46,nr,32,36,14,43,nr,nr,nr,nr,nr,nr,38,nr,nr,nr,48,nr,nr,
26-03-2024,9,nr,16,31,nr,38,44,nr,37,nr,nr,nr,nr,nr,22,26,nr,12,nr,nr,nr,54,nr,23,34,16,41,nr,nr,nr,nr,nr,nr,50,nr,nr,nr,47,nr,nr,
26-03-2024,10,nr,28,19,nr,37,44,nr,35,nr,nr,nr,nr,nr,19,52,nr,15,nr,nr,nr,30,nr,28,58,28,42,nr,nr,nr,nr,nr,nr,38,nr,nr,nr,41,nr,nr,
26-03-2024,11,nr,35,8,nr,41,44,nr,7,nr,nr,nr,nr,nr,28,51,nr,13,nr,nr,nr,47,nr,31,33,42,20,41,nr,nr,nr,nr,nr,32,nr,nr,nr,43,nr,nr,
26-03-2024,12,nr,25,16,nr,39,45,nr,8,nr,nr,nr,nr,nr,10,21,nr,12,nr,nr,nr,40,nr,29,77,36,17,20,nr,nr,nr,nr,nr,36,nr,nr,nr,24,nr,nr,
26-03-2024,13,nr,25,30,nr,25,41,nr,15,nr,nr,nr,nr,nr,9,3,nr,17,nr,nr,nr,26,nr,25,53,26,19,19,nr,nr,nr,nr,nr,23,nr,nr,nr,17,nr,nr,
26-03-2024,14,nr,20,36,nr,15,23,nr,21,nr,nr,nr,nr,nr,11,38,nr,25,nr,nr,nr,18,nr,26,22,11,29,26,nr,nr,nr,nr,nr,nr,nr,nr,nr,17,nr,nr,
26-03-2024,15,nr,19,38,nr,20,33,17,28,nr,nr,nr,nr,nr,14,33,nr,58,nr,nr,nr,37,nr,34,23,19,39,24,nr,nr,nr,nr,nr,42,nr,nr,nr,21,nr,nr,
26-03-2024,16,nr,27,45,nr,40,52,nr,37,nr,nr,nr,nr,nr,26,31,nr,67,nr,nr,nr,35,nr,43,40,39,47,35,nr,nr,nr,nr,nr,34,nr,nr,nr,30,nr,nr,
26-03-2024,17,nr,51,59,nr,62,67,nr,38,nr,nr,nr,nr,nr,37,52,nr,56,nr,nr,nr,57,nr,50,39,60,49,31,nr,nr,nr,nr,nr,41,nr,nr,nr,38,nr,nr,
26-03-2024,18,nr,44,55,nr,54,54,nr,48,nr,nr,nr,nr,nr,49,53,nr,55,nr,nr,nr,47,nr,53,54,50,66,39,nr,nr,nr,nr,nr,41,nr,nr,nr,43,nr,nr,
26-03-2024,19,nr,33,nr,nr,47,44,nr,51,nr,nr,nr,nr,nr,65,46,nr,26,nr,nr,nr,41,nr,39,nr,45,63,53,nr,nr,nr,nr,nr,41,nr,nr,nr,45,nr,nr,
26-03-2024,20,nr,35,35,nr,36,59,nr,54,nr,nr,nr,nr,nr,50,23,nr,27,nr,nr,nr,39,nr,40,nr,35,45,47,nr,nr,nr,nr,nr,46,nr,nr,nr,33,nr,nr,
26-03-2024,21,nr,31,24,nr,32,45,nr,41,nr,nr,nr,nr,nr,39,29,nr,34,nr,nr,nr,29,nr,37,nr,37,34,34,nr,nr,nr,nr,nr,31,nr,nr,nr,31,nr,nr,
26-03-2024,22,nr,30,33,nr,35,33,nr,35,nr,nr,nr,nr,nr,24,30,nr,40,nr,nr,nr,28,nr,30,nr,37,32,25,nr,nr,nr,nr,nr,30,nr,nr,nr,22,nr,nr,
26-03-2024,23,nr,21,43,nr,39,40,nr,39,nr,nr,nr,nr,nr,31,38,nr,25,nr,nr,nr,37,nr,16,nr,nr,33,33,nr,nr,nr,nr,nr,55,nr,nr,nr,29,nr,nr,
26-03-2024,24,nr,10,67,nr,29,53,nr,32,nr,nr,nr,nr,nr,32,22,nr,30,nr,nr,nr,31,nr,30,nr,25,29,33,nr,nr,nr,nr,nr,49,nr,nr,nr,30,nr,nr,
27-03-2024,1,nr,10,nr,nr,29,69,nr,34,nr,nr,nr,nr,nr,nr,38,nr,4,nr,nr,nr,23,nr,30,nr,19,32,31,nr,nr,nr,nr,nr,36,nr,nr,nr,29,nr,nr,
27-03-2024,2,nr,10,40,nr,41,56,27,12,nr,nr,nr,nr,nr,30,35,nr,13,nr,nr,nr,31,nr,23,nr,nr,29,30,nr,nr,nr,nr,nr,50,nr,nr,nr,33,nr,nr,
27-03-2024,3,nr,19,26,nr,38,45,28,21,nr,nr,nr,nr,nr,27,21,nr,23,nr,nr,nr,29,nr,26,nr,11,23,31,nr,nr,nr,nr,nr,39,nr,nr,20,19,nr,nr,
27-03-2024,4,nr,9,16,nr,27,42,17,26,nr,nr,nr,nr,nr,23,15,nr,13,nr,nr,nr,32,nr,23,nr,4,23,38,nr,nr,nr,nr,nr,37,nr,nr,15,26,nr,nr,
27-03-2024,5,nr,24,22,nr,29,55,14,23,nr,nr,nr,nr,nr,25,27,nr,18,nr,nr,nr,31,nr,22,nr,6,33,40,nr,nr,nr,nr,nr,45,nr,nr,19,24,nr,nr,
27-03-2024,6,nr,22,31,nr,28,61,19,30,nr,nr,nr,nr,nr,30,53,nr,13,nr,nr,nr,39,nr,nr,nr,15,23,44,nr,nr,nr,nr,nr,81,nr,nr,22,23,nr,nr,
27-03-2024,7,nr,26,106,nr,29,83,20,38,nr,nr,nr,nr,nr,32,25,nr,30,nr,nr,nr,44,nr,54,nr,18,31,40,nr,nr,nr,nr,nr,87,nr,nr,25,29,nr,nr,
27-03-2024,8,nr,30,199,nr,29,103,22,51,nr,nr,nr,nr,nr,47,40,nr,40,nr,nr,nr,70,nr,44,41,28,31,50,nr,nr,nr,nr,nr,102,nr,nr,24,32,nr,nr,
27-03-2024,9,nr,35,190,nr,40,100,27,70,nr,nr,nr,nr,nr,56,64,nr,26,nr,nr,nr,81,nr,32,47,41,43,58,nr,nr,nr,nr,nr,98,nr,nr,28,38,nr,nr,
27-03-2024,10,nr,nr,89,nr,46,106,32,44,nr,nr,nr,nr,nr,42,45,nr,41,nr,nr,nr,84,nr,15,59,40,43,64,nr,nr,nr,nr,nr,70,nr,nr,22,48,nr,nr,
27-03-2024,11,nr,52,15,nr,83,113,41,38,nr,nr,nr,nr,nr,48,49,nr,14,nr,nr,nr,71,nr,15,54,54,62,63,nr,nr,nr,nr,nr,71,nr,nr,nr,66,nr,nr,
27-03-2024,12,nr,nr,28,nr,80,58,57,16,nr,nr,nr,nr,nr,41,55,nr,1,nr,nr,nr,51,nr,20,45,65,65,55,nr,nr,nr,nr,nr,54,nr,nr,38,59,nr,nr,
27-03-2024,13,nr,nr,65,nr,45,52,65,15,nr,nr,nr,nr,nr,28,54,nr,2,nr,nr,nr,nr,nr,15,32,65,41,31,nr,nr,nr,nr,nr,47,nr,nr,48,39,nr,nr,
27-03-2024,14,nr,nr,37,nr,54,46,48,38,nr,nr,nr,nr,nr,33,53,nr,22,nr,nr,nr,nr,nr,16,26,56,40,33,nr,nr,nr,nr,nr,23,nr,nr,nr,39,nr,nr,
27-03-2024,15,nr,nr,28,nr,51,47,34,33,nr,nr,nr,nr,nr,37,59,nr,13,nr,nr,nr,nr,nr,27,30,51,45,32,nr,nr,nr,nr,nr,26,nr,nr,30,41,nr,nr,
27-03-2024,16,nr,nr,32,nr,46,52,27,28,nr,nr,nr,nr,nr,35,68,nr,17,nr,nr,nr,nr,nr,33,35,43,8,36,nr,nr,nr,nr,nr,23,nr,nr,32,42,nr,nr,
27-03-2024,17,nr,28,nr,nr,46,46,27,32,nr,nr,nr,nr,nr,37,44,nr,37,nr,nr,nr,35,nr,37,34,41,nr,39,nr,nr,nr,nr,nr,18,nr,nr,25,40,nr,nr,
27-03-2024,18,nr,37,46,nr,40,33,28,42,nr,nr,nr,nr,nr,34,52,nr,83,nr,nr,nr,44,nr,36,35,39,6,32,nr,nr,nr,nr,nr,27,nr,nr,32,41,nr,nr,
27-03-2024,19,nr,59,58,nr,45,34,36,47,nr,nr,nr,nr,nr,30,15,nr,70,nr,nr,nr,43,nr,41,nr,57,48,33,nr,nr,nr,nr,nr,22,nr,nr,52,47,nr,nr,
27-03-2024,20,nr,61,59,nr,61,41,54,52,nr,nr,nr,nr,nr,39,43,nr,67,nr,nr,nr,56,nr,47,nr,73,66,39,nr,nr,nr,nr,nr,15,nr,nr,57,52,nr,nr,
27-03-2024,21,nr,50,69,nr,55,51,67,90,nr,nr,nr,nr,nr,56,63,nr,59,nr,nr,nr,54,nr,52,nr,75,66,48,nr,nr,nr,nr,nr,16,nr,nr,55,56,nr,nr,
27-03-2024,22,nr,53,83,nr,63,36,72,43,nr,nr,nr,nr,nr,45,8,nr,45,nr,nr,nr,52,nr,41,nr,58,72,32,nr,nr,nr,nr,nr,23,nr,nr,nr,60,nr,nr,
27-03-2024,23,nr,69,72,nr,39,37,52,33,nr,nr,nr,nr,nr,35,18,nr,47,nr,nr,nr,46,nr,49,nr,44,82,32,nr,nr,nr,nr,nr,25,nr,nr,60,47,nr,nr,
27-03-2024,24,nr,60,82,nr,31,30,59,56,nr,nr,nr,nr,nr,39,47,nr,35,nr,nr,nr,37,nr,55,nr,25,49,36,nr,nr,nr,nr,nr,24,nr,nr,48,46,nr,nr,
28-03-2024,1,nr,42,nr,nr,32,29,nr,51,nr,nr,nr,nr,nr,nr,61,nr,24,nr,nr,nr,33,nr,52,nr,27,38,31,nr,nr,nr,nr,nr,30,nr,nr,nr,34,nr,nr,
28-03-2024,2,nr,35,76,nr,nr,31,52,35,nr,nr,nr,nr,nr,29,37,nr,42,nr,nr,nr,31,nr,64,nr,23,38,27,nr,nr,nr,nr,nr,23,nr,nr,35,32,nr,nr,
28-03-2024,3,nr,36,77,nr,nr,36,43,36,nr,nr,nr,nr,nr,36,4,nr,32,nr,nr,nr,29,nr,87,nr,nr,37,28,nr,nr,nr,nr,nr,19,nr,nr,41,31,nr,nr,
28-03-2024,4,nr,38,71,nr,nr,29,42,35,nr,nr,nr,nr,nr,29,7,nr,30,nr,nr,nr,35,nr,72,nr,40,35,23,nr,nr,nr,nr,nr,20,nr,nr,32,27,nr,nr,
28-03-2024,5,nr,34,53,nr,nr,33,37,32,nr,nr,nr,nr,nr,30,7,nr,24,nr,nr,nr,30,nr,60,nr,33,35,24,nr,nr,nr,nr,nr,22,nr,nr,32,27,nr,nr,
28-03-2024,6,nr,35,38,nr,nr,41,32,44,nr,nr,nr,nr,nr,37,38,nr,17,nr,nr,nr,35,nr,50,nr,30,36,28,nr,nr,nr,nr,nr,24,nr,nr,34,31,nr,nr,
28-03-2024,7,nr,32,35,nr,nr,32,37,53,nr,nr,nr,nr,nr,32,63,nr,24,nr,nr,nr,40,nr,99,nr,31,35,23,nr,nr,nr,nr,nr,30,nr,nr,40,34,nr,nr,
28-03-2024,8,nr,33,32,nr,nr,51,45,57,nr,nr,nr,nr,nr,28,1,nr,18,nr,nr,nr,39,nr,85,33,34,34,26,nr,nr,nr,nr,nr,37,nr,nr,48,27,nr,nr,
28-03-2024,9,nr,42,37,nr,nr,61,44,64,nr,nr,nr,nr,nr,31,nr,nr,16,nr,nr,nr,40,nr,89,53,37,34,29,nr,nr,nr,nr,nr,31,nr,nr,41,30,nr,nr,
28-03-2024,10,nr,52,22,nr,nr,46,43,56,nr,nr,nr,nr,nr,23,nr,nr,16,nr,nr,nr,46,nr,47,67,57,43,31,nr,nr,nr,nr,nr,49,nr,nr,27,43,nr,nr,
28-03-2024,11,nr,52,29,nr,nr,56,48,47,nr,nr,nr,nr,nr,34,nr,nr,15,nr,nr,nr,48,nr,47,95,59,54,46,nr,nr,nr,nr,nr,53,nr,nr,32,47,nr,nr,
28-03-2024,12,nr,55,50,nr,nr,66,52,49,nr,nr,nr,nr,nr,39,nr,nr,28,nr,nr,nr,65,nr,53,119,56,61,44,nr,nr,nr,nr,nr,43,nr,nr,47,55,nr,nr,
28-03-2024,13,nr,50,43,nr,nr,64,55,44,nr,nr,nr,nr,nr,41,nr,nr,32,nr,nr,nr,66,nr,53,116,57,67,54,nr,nr,nr,nr,nr,47,nr,nr,48,60,nr,nr,
28-03-2024,14,nr,56,28,nr,nr,37,68,32,nr,nr,nr,nr,nr,38,nr,nr,nr,nr,nr,nr,62,nr,nr,113,65,66,48,nr,nr,nr,nr,nr,45,nr,nr,46,58,nr,nr,
28-03-2024,15,nr,60,30,nr,nr,48,56,28,nr,nr,nr,nr,nr,26,nr,nr,42,nr,nr,nr,47,nr,44,41,59,54,40,nr,nr,nr,nr,nr,26,nr,nr,45,50,nr,nr,
28-03-2024,16,nr,57,32,nr,nr,40,43,24,nr,nr,nr,nr,nr,25,nr,nr,54,nr,nr,nr,57,nr,25,40,49,41,nr,nr,nr,nr,nr,nr,35,nr,nr,36,41,nr,nr,
28-03-2024,17,nr,52,62,nr,nr,44,40,29,nr,nr,nr,nr,nr,39,nr,nr,45,nr,nr,nr,44,nr,38,86,57,42,nr,nr,nr,nr,nr,nr,41,nr,nr,43,34,nr,nr,
28-03-2024,18,nr,51,55,nr,nr,50,59,26,nr,nr,nr,nr,nr,43,nr,nr,51,nr,nr,nr,43,nr,45,52,52,64,nr,nr,nr,nr,nr,nr,40,nr,nr,64,53,nr,nr,
28-03-2024,19,nr,59,38,nr,nr,41,57,28,nr,nr,nr,nr,nr,56,nr,nr,66,nr,nr,nr,56,nr,46,nr,55,79,nr,nr,nr,nr,nr,nr,33,nr,nr,54,57,nr,nr,
28-03-2024,20,nr,75,39,nr,nr,38,67,31,nr,nr,nr,nr,nr,61,nr,nr,45,nr,nr,nr,29,nr,52,nr,59,72,31,nr,nr,nr,nr,nr,19,nr,nr,53,46,nr,nr,
28-03-2024,21,nr,42,38,nr,nr,32,55,49,nr,nr,nr,nr,nr,31,nr,nr,44,nr,nr,nr,24,nr,52,nr,25,47,14,nr,nr,nr,nr,nr,12,nr,nr,47,28,nr,nr,
28-03-2024,22,nr,19,43,nr,nr,14,20,29,nr,nr,nr,nr,nr,20,nr,nr,35,nr,nr,nr,18,nr,45,nr,nr,19,11,nr,nr,nr,nr,nr,6,nr,nr,27,19,nr,nr,
28-03-2024,23,nr,22,44,nr,nr,13,23,19,nr,nr,nr,nr,nr,17,nr,nr,39,nr,nr,nr,16,nr,54,nr,21,19,13,nr,nr,nr,nr,nr,4,nr,nr,17,16,nr,nr,
28-03-2024,24,nr,26,42,nr,nr,22,17,14,nr,nr,nr,nr,nr,13,nr,nr,40,nr,nr,nr,16,nr,49,nr,16,19,14,nr,nr,nr,nr,nr,16,nr,nr,19,15,nr,nr,
29-03-2024,1,nr,23,nr,nr,nr,21,nr,20,nr,nr,nr,nr,nr,nr,nr,nr,29,nr,nr,nr,17,nr,46,nr,16,21,13,nr,nr,nr,nr,nr,13,nr,nr,nr,17,nr,nr,
29-03-2024,2,nr,25,48,nr,nr,19,27,25,nr,nr,nr,nr,nr,20,nr,nr,31,nr,nr,nr,20,nr,46,nr,18,19,12,nr,nr,nr,nr,nr,16,nr,nr,15,14,nr,nr,
29-03-2024,3,nr,23,39,nr,nr,18,18,23,nr,nr,nr,nr,nr,13,nr,nr,27,nr,nr,nr,22,nr,59,nr,20,20,15,nr,nr,nr,nr,nr,15,nr,nr,13,19,nr,nr,
29-03-2024,4,nr,26,37,nr,nr,21,24,26,nr,nr,nr,nr,nr,18,nr,nr,27,nr,nr,nr,19,nr,64,nr,32,22,20,nr,nr,nr,nr,nr,21,nr,nr,25,15,nr,nr,
29-03-2024,5,nr,23,33,nr,nr,44,36,32,nr,nr,nr,nr,nr,22,nr,nr,23,nr,nr,nr,20,nr,nr,nr,27,22,23,nr,nr,nr,nr,nr,26,nr,nr,14,18,nr,nr,
29-03-2024,6,nr,30,25,nr,nr,41,42,34,nr,nr,nr,nr,nr,21,nr,nr,13,nr,nr,nr,21,nr,62,nr,nr,23,21,nr,nr,nr,nr,nr,55,nr,nr,24,14,nr,nr,
29-03-2024,7,nr,38,18,nr,nr,57,35,43,nr,nr,nr,nr,nr,23,nr,nr,19,nr,nr,nr,22,nr,67,nr,30,34,25,nr,nr,nr,nr,nr,52,nr,nr,31,21,nr,nr,
29-03-2024,8,nr,39,15,nr,nr,13,36,50,nr,nr,nr,nr,nr,22,nr,nr,19,nr,nr,nr,26,nr,67,34,28,46,26,nr,nr,nr,nr,nr,52,nr,nr,36,23,nr,nr,
29-03-2024,9,nr,34,22,nr,nr,44,32,63,nr,nr,nr,nr,nr,26,nr,nr,26,nr,nr,nr,23,nr,50,42,31,37,30,nr,nr,nr,nr,nr,51,nr,nr,30,nr,nr,nr,
29-03-2024,10,nr,31,23,nr,nr,43,32,72,nr,nr,nr,nr,nr,22,nr,nr,28,nr,nr,nr,33,nr,35,36,nr,57,32,nr,nr,nr,nr,nr,31,nr,nr,35,nr,nr,nr,
29-03-2024,11,nr,39,13,nr,nr,39,41,136,nr,nr,nr,nr,nr,24,nr,nr,26,nr,nr,nr,37,nr,40,103,45,89,35,nr,nr,nr,nr,nr,44,nr,nr,35,nr,nr,nr,
29-03-2024,12,nr,32,26,nr,nr,41,43,86,nr,nr,nr,nr,nr,26,nr,nr,17,nr,nr,nr,48,nr,32,59,36,71,31,nr,nr,nr,nr,nr,48,nr,nr,46,nr,nr,nr,
29-03-2024,13,nr,21,29,nr,nr,47,47,8,nr,nr,nr,nr,nr,25,nr,nr,15,nr,nr,nr,23,nr,12,38,28,35,21,nr,nr,nr,nr,nr,38,nr,nr,34,40,nr,nr,
29-03-2024,14,nr,18,34,nr,nr,42,22,23,nr,nr,nr,nr,nr,15,nr,nr,14,nr,nr,nr,30,nr,17,29,30,28,20,nr,nr,nr,nr,nr,23,nr,nr,17,25,nr,nr,
29-03-2024,15,nr,23,30,nr,nr,23,40,20,nr,nr,nr,nr,nr,18,nr,nr,19,nr,nr,nr,35,nr,24,20,26,26,24,nr,nr,nr,nr,nr,15,nr,nr,15,24,nr,nr,
29-03-2024,16,nr,33,39,nr,nr,26,17,16,nr,nr,nr,nr,nr,18,nr,nr,24,nr,nr,nr,29,nr,23,26,23,30,34,nr,nr,nr,nr,nr,26,nr,nr,23,26,nr,nr,
29-03-2024,17,nr,42,33,nr,nr,25,30,21,nr,nr,nr,nr,nr,19,nr,nr,30,nr,nr,nr,24,nr,28,27,35,37,31,nr,nr,nr,nr,nr,27,nr,nr,39,29,nr,nr,
29-03-2024,18,nr,55,44,nr,nr,25,44,41,nr,nr,nr,nr,nr,27,nr,nr,28,nr,nr,nr,31,nr,47,26,49,36,32,nr,nr,nr,nr,nr,26,nr,nr,41,36,nr,nr,
29-03-2024,19,nr,53,38,nr,nr,23,51,31,nr,nr,nr,nr,nr,35,nr,nr,26,nr,nr,nr,41,nr,45,nr,26,50,30,nr,nr,nr,nr,nr,37,nr,nr,48,43,nr,nr,
29-03-2024,20,nr,42,nr,nr,nr,15,51,35,nr,nr,nr,nr,nr,40,nr,nr,26,nr,nr,nr,42,nr,45,nr,34,51,31,nr,nr,nr,nr,nr,16,nr,nr,39,35,nr,nr,
29-03-2024,21,nr,38,nr,nr,nr,22,52,45,nr,nr,nr,nr,nr,41,nr,nr,33,nr,nr,nr,40,nr,34,nr,nr,48,38,nr,nr,nr,nr,nr,31,nr,nr,36,31,nr,nr,
29-03-2024,22,nr,33,34,nr,nr,16,44,54,nr,nr,nr,nr,nr,41,nr,nr,34,nr,nr,nr,35,nr,31,nr,28,39,39,nr,nr,nr,nr,nr,8,nr,nr,36,33,nr,nr,
29-03-2024,23,nr,36,37,nr,nr,18,44,46,nr,nr,nr,nr,nr,36,nr,nr,28,nr,nr,nr,25,nr,33,nr,40,37,31,nr,nr,nr,nr,nr,5,nr,nr,30,33,nr,nr,
29-03-2024,24,nr,71,33,nr,nr,23,26,47,nr,nr,nr,nr,nr,33,nr,nr,16,nr,nr,nr,17,nr,37,nr,25,32,33,nr,nr,nr,nr,nr,15,nr,nr,23,20,nr,nr,
30-03-2024,1,nr,53,nr,nr,nr,23,nr,51,nr,nr,nr,nr,nr,nr,nr,nr,8,nr,nr,nr,22,nr,61,nr,nr,29,38,nr,nr,nr,nr,nr,6,nr,nr,nr,21,nr,nr,
30-03-2024,2,nr,12,25,nr,nr,21,44,48,nr,nr,nr,nr,nr,19,nr,nr,9,nr,nr,nr,21,nr,31,nr,11,30,36,nr,nr,nr,nr,nr,7,nr,nr,38,32,nr,nr,
30-03-2024,3,nr,23,33,nr,nr,32,23,34,nr,nr,nr,nr,nr,25,nr,nr,10,nr,nr,nr,25,nr,63,nr,12,30,31,nr,nr,nr,nr,nr,16,nr,nr,29,33,nr,nr,
30-03-2024,4,nr,15,36,nr,nr,26,33,36,nr,nr,nr,nr,nr,35,nr,nr,7,nr,nr,nr,26,nr,99,nr,7,29,36,nr,nr,nr,nr,nr,16,nr,nr,35,33,nr,nr,
30-03-2024,5,nr,37,40,nr,nr,31,31,42,nr,nr,nr,nr,nr,33,nr,nr,10,nr,nr,nr,36,nr,76,nr,30,27,42,nr,nr,nr,nr,nr,13,nr,nr,28,39,nr,nr,
30-03-2024,6,nr,18,50,nr,nr,30,42,34,nr,nr,nr,nr,nr,45,nr,nr,5,nr,nr,nr,37,nr,65,nr,21,36,38,nr,nr,nr,nr,nr,14,nr,nr,41,31,nr,nr,
30-03-2024,7,nr,7,45,nr,nr,29,29,43,nr,nr,nr,nr,nr,50,nr,nr,6,nr,nr,nr,32,nr,63,nr,17,40,41,nr,nr,nr,nr,nr,14,nr,nr,52,41,nr,nr,
30-03-2024,8,nr,8,39,nr,nr,36,28,45,nr,nr,nr,nr,nr,46,nr,nr,9,nr,nr,nr,38,nr,55,73,18,46,41,nr,nr,nr,nr,nr,28,nr,nr,59,40,nr,nr,
30-03-2024,9,nr,9,32,nr,nr,48,25,41,nr,nr,nr,nr,nr,37,nr,nr,9,nr,nr,nr,44,nr,38,46,nr,46,41,nr,nr,nr,nr,nr,33,nr,nr,41,39,nr,nr,
30-03-2024,10,nr,18,24,nr,nr,46,27,53,nr,nr,nr,nr,nr,40,nr,nr,11,nr,nr,nr,46,nr,28,45,20,47,53,nr,nr,nr,nr,nr,36,nr,nr,28,43,nr,nr,
30-03-2024,11,nr,22,14,nr,nr,43,32,39,nr,nr,nr,nr,nr,35,nr,nr,9,nr,nr,nr,43,nr,25,44,32,47,44,nr,nr,nr,nr,nr,38,nr,nr,21,40,nr,nr,
30-03-2024,12,nr,13,15,nr,nr,34,30,25,nr,nr,nr,nr,nr,37,nr,nr,13,nr,nr,nr,34,nr,10,44,27,43,39,nr,nr,nr,nr,nr,31,nr,nr,27,34,nr,nr,
30-03-2024,13,nr,14,20,nr,nr,27,27,18,nr,nr,nr,nr,nr,29,nr,nr,10,nr,nr,nr,30,nr,8,30,23,29,47,nr,nr,nr,nr,nr,32,nr,nr,32,32,nr,nr,
30-03-2024,14,nr,20,30,nr,nr,13,21,25,nr,nr,nr,nr,nr,29,nr,nr,13,nr,nr,nr,15,nr,16,31,21,40,36,nr,nr,nr,nr,nr,7,nr,nr,17,32,nr,nr,
30-03-2024,15,nr,23,38,nr,nr,41,21,34,nr,nr,nr,nr,nr,28,nr,nr,29,nr,nr,nr,15,nr,29,35,24,49,39,nr,nr,nr,nr,nr,39,nr,nr,25,33,nr,nr,
30-03-2024,16,nr,27,37,nr,nr,39,26,37,nr,nr,nr,nr,nr,24,nr,nr,24,nr,nr,nr,31,nr,36,42,29,58,32,nr,nr,nr,nr,nr,25,nr,nr,28,37,nr,nr,
30-03-2024,17,nr,45,42,nr,nr,45,32,42,nr,nr,nr,nr,nr,26,nr,nr,45,nr,nr,nr,34,nr,41,42,37,56,36,nr,nr,nr,nr,nr,33,nr,nr,41,39,nr,nr,
30-03-2024,18,nr,54,40,nr,nr,43,42,68,nr,nr,nr,nr,nr,32,nr,nr,52,nr,nr,nr,38,nr,47,42,45,52,40,nr,nr,nr,nr,nr,33,nr,nr,45,41,nr,nr,
30-03-2024,19,nr,63,40,nr,nr,40,51,44,nr,nr,nr,nr,nr,44,nr,nr,51,nr,nr,nr,nr,nr,45,43,88,52,41,nr,nr,nr,nr,nr,37,nr,nr,43,39,nr,nr,
30-03-2024,20,nr,65,nr,nr,nr,63,77,30,nr,nr,nr,nr,nr,44,nr,nr,35,nr,nr,nr,56,nr,49,nr,86,50,44,nr,nr,nr,nr,nr,39,nr,nr,44,43,nr,nr,
30-03-2024,21,nr,53,nr,nr,nr,69,77,36,nr,nr,nr,nr,nr,47,nr,nr,67,nr,nr,nr,69,nr,55,nr,63,45,44,nr,nr,nr,nr,nr,48,nr,nr,44,46,nr,nr,
30-03-2024,22,nr,72,59,nr,nr,42,61,46,nr,nr,nr,nr,nr,50,nr,nr,73,nr,nr,nr,81,nr,55,nr,89,44,44,nr,nr,nr,nr,nr,40,nr,nr,38,46,nr,nr,
30-03-2024,23,nr,64,72,nr,nr,42,78,53,nr,nr,nr,nr,nr,48,nr,nr,62,nr,nr,nr,49,nr,51,nr,97,46,40,nr,nr,nr,nr,nr,26,nr,nr,50,49,nr,nr,
30-03-2024,24,nr,69,65,nr,nr,21,70,60,nr,nr,nr,nr,nr,44,nr,nr,56,nr,nr,nr,36,nr,52,nr,64,55,40,nr,nr,nr,nr,nr,16,nr,nr,nr,45,nr,nr,
31-03-2024,1,nr,64,nr,nr,nr,20,nr,70,nr,nr,nr,nr,nr,nr,nr,nr,50,nr,nr,nr,43,nr,107,nr,nr,55,31,nr,nr,nr,nr,nr,14,nr,nr,nr,45,nr,nr,
31-03-2024,2,nr,63,59,nr,nr,42,95,73,nr,nr,nr,nr,nr,44,nr,nr,54,nr,nr,nr,44,nr,119,nr,76,51,26,nr,nr,nr,nr,nr,17,nr,nr,56,48,nr,nr,
31-03-2024,3,nr,61,67,nr,nr,17,93,64,nr,nr,nr,nr,nr,38,nr,nr,31,nr,nr,nr,27,nr,109,nr,53,62,26,nr,nr,nr,nr,nr,18,nr,nr,54,56,nr,nr,
31-03-2024,4,nr,53,71,nr,nr,27,81,46,nr,nr,nr,nr,nr,23,nr,nr,31,nr,nr,nr,35,nr,127,nr,44,55,27,nr,nr,nr,nr,nr,14,nr,nr,57,68,nr,nr,
31-03-2024,5,nr,42,57,nr,nr,22,63,41,nr,nr,nr,nr,nr,20,nr,nr,31,nr,nr,nr,55,nr,119,nr,nr,53,26,nr,nr,nr,nr,nr,20,nr,nr,46,57,nr,nr,
31-03-2024,6,nr,40,54,nr,nr,26,45,39,nr,nr,nr,nr,nr,26,nr,nr,28,nr,nr,nr,57,nr,103,nr,27,63,25,nr,nr,nr,nr,nr,20,nr,nr,49,51,nr,nr,
31-03-2024,7,nr,36,51,nr,nr,36,47,44,nr,nr,nr,nr,nr,49,nr,nr,34,nr,nr,nr,53,nr,95,nr,32,54,38,nr,nr,nr,nr,nr,18,nr,nr,58,55,nr,nr,
31-03-2024,8,nr,32,50,nr,nr,33,45,54,nr,nr,nr,nr,nr,53,nr,nr,32,nr,nr,nr,53,nr,85,60,25,66,47,nr,nr,nr,nr,nr,27,nr,nr,55,54,nr,nr,
31-03-2024,9,nr,37,47,nr,nr,35,38,58,nr,nr,nr,nr,nr,49,nr,nr,14,nr,nr,nr,43,nr,86,61,28,64,48,nr,nr,nr,nr,nr,29,nr,nr,53,55,nr,nr,
31-03-2024,10,nr,48,52,nr,nr,40,51,48,nr,nr,nr,nr,nr,48,nr,nr,18,nr,nr,nr,62,nr,51,60,44,73,43,nr,nr,nr,nr,nr,37,nr,nr,47,57,nr,nr,
31-03-2024,11,nr,49,29,nr,nr,46,54,31,nr,nr,nr,nr,nr,48,nr,nr,14,nr,nr,nr,58,nr,44,59,54,72,45,nr,nr,nr,nr,nr,40,nr,nr,46,57,nr,nr,
31-03-2024,12,nr,37,19,nr,nr,26,44,17,nr,nr,nr,nr,nr,41,nr,nr,20,nr,nr,nr,56,nr,29,35,27,51,33,nr,nr,nr,nr,nr,22,nr,nr,46,40,nr,nr,
31-03-2024,13,nr,25,28,nr,nr,37,30,14,nr,nr,nr,nr,nr,20,nr,nr,22,nr,nr,nr,35,nr,23,22,25,35,31,nr,nr,nr,nr,nr,30,nr,nr,32,33,nr,nr,
31-03-2024,14,nr,23,31,nr,nr,41,24,24,nr,nr,nr,nr,nr,13,nr,nr,22,nr,nr,nr,25,nr,31,26,28,29,27,nr,nr,nr,nr,nr,17,nr,nr,20,30,nr,nr,
31-03-2024,15,nr,29,28,nr,nr,24,32,24,nr,nr,nr,nr,nr,22,nr,nr,53,nr,nr,nr,28,nr,31,32,29,39,32,nr,nr,nr,nr,nr,40,nr,nr,29,34,nr,nr,
31-03-2024,16,nr,33,30,nr,nr,31,28,27,nr,nr,nr,nr,nr,32,nr,nr,42,nr,nr,nr,41,nr,27,35,32,44,35,nr,nr,nr,nr,nr,25,nr,nr,31,33,nr,nr,
31-03-2024,17,nr,44,32,nr,nr,34,30,45,nr,nr,nr,nr,nr,33,nr,nr,38,nr,nr,nr,33,nr,27,37,32,42,41,nr,nr,nr,nr,nr,26,nr,nr,34,33,nr,nr,
31-03-2024,18,nr,53,44,nr,nr,32,42,37,nr,nr,nr,nr,nr,43,nr,nr,38,nr,nr,nr,39,nr,31,38,nr,46,43,nr,nr,nr,nr,nr,33,nr,nr,42,43,nr,nr,
31-03-2024,19,nr,38,41,nr,nr,42,51,34,nr,nr,nr,nr,nr,44,nr,nr,34,nr,nr,nr,50,nr,29,nr,42,56,37,nr,nr,nr,nr,nr,32,nr,nr,53,47,nr,nr,
31-03-2024,20,nr,35,nr,nr,nr,43,46,28,nr,nr,nr,nr,nr,42,nr,nr,20,nr,nr,nr,42,nr,61,nr,41,47,36,nr,nr,nr,nr,nr,30,nr,nr,39,34,nr,nr,
31-03-2024,21,nr,30,35,nr,nr,34,41,34,nr,nr,nr,nr,nr,40,nr,nr,30,nr,nr,nr,38,nr,39,nr,36,46,38,nr,nr,nr,nr,nr,26,nr,nr,34,34,nr,nr,
31-03-2024,22,nr,32,40,nr,nr,39,30,37,nr,nr,nr,nr,nr,36,nr,nr,23,nr,nr,nr,34,nr,32,nr,41,47,33,nr,nr,nr,nr,nr,23,nr,nr,nr,32,nr,nr,
31-03-2024,23,nr,27,44,nr,nr,14,37,36,nr,nr,nr,nr,nr,39,nr,nr,32,nr,nr,nr,37,nr,34,nr,17,37,38,nr,nr,nr,nr,nr,19,nr,nr,28,31,nr,nr,
31-03-2024,24,nr,28,38,nr,nr,27,28,40,nr,nr,nr,nr,nr,39,nr,nr,29,nr,nr,nr,30,nr,37,nr,25,37,36,nr,nr,nr,nr,nr,22,nr,nr,29,32,nr,nr,
